TAZ,District,Sch1TAZs,Sch2TAZs,Sch3TAZs,wSch1,wSch2,wSch3
1,15,3,2,1,0,0,0
2,15,3,2,1,0,0,0
3,15,3,2,1,0,0,0
4,15,3,2,1,0,0,0
5,15,3,2,1,0,0,0
6,15,3,2,1,1,1,0
7,15,3,2,1,0,1,1
8,15,3,2,1,0,0,0
9,15,3,2,1,0,0,0
10,15,3,2,1,0,0,0
11,15,3,2,1,0,0,0
12,15,3,2,1,0,0,0
13,15,3,2,1,0,0,0
14,15,3,2,1,0,0,0
15,15,3,2,1,0,0,0
16,15,3,2,1,0,0,0
17,15,3,2,1,0,0,0
18,15,3,2,1,0,0,0
19,15,3,2,1,0,0,0
20,15,3,2,1,0,0,0
21,15,3,2,1,0,0,0
22,15,3,2,1,0,0,0
23,15,3,2,1,0,0,0
24,15,3,2,1,0,0,0
25,15,3,2,1,0,0,0
26,15,3,2,1,0,0,0
27,11,26,14,11,0,0,0
28,11,26,14,11,0,0,0
29,15,3,2,1,0,0,0
30,15,3,2,1,0,0,0
31,15,3,2,1,0,0,0
32,728,7,6,4,0,0,0
33,728,7,6,4,0,0,0
34,15,3,2,1,0,0,0
35,11,26,14,11,0,0,0
36,728,7,6,4,0,0,0
37,728,7,6,4,0,0,0
38,728,7,6,4,0,0,0
39,728,7,6,4,0,0,0
40,11,26,14,11,0,0,0
41,11,26,14,11,0,0,0
42,728,7,6,4,0,0,0
43,11,26,14,11,0,0,0
44,11,26,14,11,0,0,0
45,11,26,14,11,0,0,0
46,11,26,14,11,0,0,0
47,11,26,14,11,0,0,0
48,11,26,14,11,0,0,0
49,11,26,14,11,0,0,0
50,11,26,14,11,0,0,0
51,11,26,14,11,0,0,0
52,11,26,14,11,0,0,0
53,11,26,14,11,0,0,0
54,11,26,14,11,0,0,0
55,11,26,14,11,0,0,0
56,11,26,14,11,1,0,0
57,11,26,14,11,0,0,0
58,11,26,14,11,0,0,0
59,11,26,14,11,0,0,0
60,11,26,14,11,0,0,0
61,11,26,14,11,0,0,0
62,11,26,14,11,0,0,0
63,11,26,14,11,1,1,1
64,11,26,14,11,0,0,0
65,11,26,14,11,0,0,0
66,11,26,14,11,0,0,0
67,11,26,14,11,0,0,0
68,11,26,14,11,0,0,0
69,11,26,14,11,0,0,0
70,11,26,14,11,1,0,0
71,11,26,14,11,0,0,0
72,11,26,14,11,0,0,0
73,11,26,14,11,1,0,0
74,11,26,14,11,0,0,0
75,11,26,14,11,0,0,0
76,11,26,14,11,0,0,0
77,11,26,14,11,0,0,0
78,15,3,2,1,0,0,0
79,15,3,2,1,0,0,0
80,11,26,14,11,0,0,0
81,11,26,14,11,0,0,0
82,11,26,14,11,0,0,0
83,11,26,14,11,1,0,0
84,11,26,14,11,0,1,1
85,11,26,14,11,0,0,0
86,15,3,2,1,1,0,0
87,11,26,14,11,0,0,0
88,15,3,2,1,0,0,0
89,11,26,14,11,0,0,0
90,15,3,2,1,0,0,0
91,11,26,14,11,0,0,0
92,11,26,14,11,0,0,0
93,11,26,14,11,0,0,0
94,11,26,14,11,0,0,0
95,11,26,14,11,0,0,0
96,11,26,14,11,1,0,0
97,11,26,14,11,0,1,1
98,11,26,14,11,1,0,0
99,11,26,14,11,0,0,0
100,11,26,14,11,0,0,0
101,11,26,14,11,0,0,0
102,11,26,14,11,0,0,0
103,11,26,14,11,0,0,0
104,11,26,14,11,0,0,0
105,11,26,14,11,0,0,0
106,11,26,14,11,0,0,0
107,11,26,14,11,0,0,0
108,11,26,14,11,0,0,0
109,11,26,14,11,0,0,0
110,11,26,14,11,0,0,0
111,11,26,14,11,0,0,0
112,11,26,14,11,0,0,0
113,11,26,14,11,0,0,0
114,11,26,14,11,0,0,0
115,11,26,14,11,0,0,0
116,11,26,14,11,0,0,0
117,11,26,14,11,0,0,0
118,11,26,14,11,0,0,0
119,11,26,14,11,1,0,0
120,11,26,14,11,0,0,0
121,11,26,14,11,0,0,0
122,11,26,14,11,0,0,0
123,11,26,14,11,0,0,0
124,11,26,14,11,0,0,0
125,11,26,14,11,0,0,0
126,11,26,14,11,0,0,0
127,11,26,14,11,0,0,0
128,11,26,14,11,0,0,0
129,11,26,14,11,0,0,0
130,11,26,14,11,0,0,0
131,11,26,14,11,0,0,0
132,831,10,3,1,0,0,0
133,15,3,2,1,0,0,0
134,15,3,2,1,0,0,0
135,15,3,2,1,0,0,0
136,15,3,2,1,1,0,0
137,15,3,2,1,0,0,0
138,15,3,2,1,0,0,0
139,15,3,2,1,0,0,0
140,15,3,2,1,0,0,0
141,15,3,2,1,0,0,0
142,15,3,2,1,0,0,0
143,15,3,2,1,0,0,0
144,15,3,2,1,0,0,0
145,831,10,3,1,0,0,0
146,831,10,3,1,0,0,0
147,831,10,3,1,0,0,0
148,831,10,3,1,0,0,0
149,831,10,3,1,1,0,0
150,831,10,3,1,0,0,0
151,831,10,3,1,0,0,0
152,831,10,3,1,0,0,0
153,831,10,3,1,1,0,0
154,831,10,3,1,0,0,0
155,831,10,3,1,0,0,0
156,831,10,3,1,0,0,0
157,831,10,3,1,0,0,0
158,831,10,3,1,0,0,0
159,831,10,3,1,0,0,0
160,831,10,3,1,0,0,0
161,831,10,3,1,1,0,0
162,831,10,3,1,0,0,0
163,624,8,5,4,0,0,0
164,12,4,2,1,0,0,0
165,12,4,2,1,0,0,0
166,12,4,2,1,0,0,0
167,12,4,2,1,0,0,0
168,12,4,2,1,1,0,0
169,12,4,2,1,0,0,0
170,12,4,2,1,0,0,0
171,12,4,2,1,0,0,0
172,12,4,2,1,1,0,0
173,12,4,2,1,0,0,0
174,12,4,2,1,0,0,0
175,12,4,2,1,0,0,0
176,12,4,2,1,0,0,0
177,12,4,2,1,1,1,1
178,12,4,2,1,1,1,0
179,12,4,2,1,0,0,0
180,831,10,3,1,0,0,0
181,831,10,3,1,0,0,0
182,12,4,2,1,0,0,0
183,831,10,3,1,1,0,0
184,12,4,2,1,0,0,0
185,11,26,14,11,0,0,0
186,11,26,14,11,0,0,0
187,11,26,14,11,1,1,1
188,11,26,14,11,0,0,0
189,11,26,14,11,0,0,0
190,11,26,14,11,0,0,0
191,16,5,3,2,1,0,0
192,16,5,3,2,0,0,0
193,16,5,3,2,0,0,0
194,16,5,3,2,0,0,0
195,16,5,3,2,0,0,0
196,11,26,14,11,0,0,0
197,16,5,3,2,0,0,0
198,12,4,2,1,0,0,0
199,16,5,3,2,0,0,0
200,16,5,3,2,0,0,0
201,16,5,3,2,0,0,0
202,16,5,3,2,0,0,0
203,16,5,3,2,0,0,0
204,16,5,3,2,1,0,0
205,11,26,14,11,1,0,0
206,11,26,14,11,0,0,0
207,11,26,14,11,1,0,0
208,11,26,14,11,0,0,0
209,11,26,14,11,0,0,0
210,11,26,14,11,1,1,0
211,11,26,14,11,0,0,0
212,11,26,14,11,0,0,0
213,11,26,14,11,0,0,0
214,11,26,14,11,0,0,0
215,11,26,14,11,0,0,0
216,11,26,14,11,0,0,0
217,11,26,14,11,1,0,0
218,11,26,14,11,0,0,0
219,11,26,14,11,0,0,0
220,11,26,14,11,0,0,0
221,11,26,14,11,1,0,0
222,11,26,14,11,0,1,1
223,11,26,14,11,0,0,0
224,11,26,14,11,1,0,0
225,11,26,14,11,0,0,0
226,11,26,14,11,0,0,0
227,11,26,14,11,1,1,0
228,11,26,14,11,0,0,0
229,11,26,14,11,1,0,0
230,11,26,14,11,0,0,0
231,11,26,14,11,0,0,0
232,11,26,14,11,0,0,0
233,11,26,14,11,0,0,0
234,11,26,14,11,0,0,0
235,11,26,14,11,0,0,0
236,11,26,14,11,0,1,1
237,11,26,14,11,1,0,0
238,11,26,14,11,1,0,0
239,11,26,14,11,0,1,1
240,11,26,14,11,1,1,1
241,11,26,14,11,0,0,0
242,11,26,14,11,1,0,0
243,11,26,14,11,0,0,0
244,11,26,14,11,0,0,0
245,16,5,3,2,1,1,0
246,16,5,3,2,0,1,1
247,16,5,3,2,0,0,0
248,16,5,3,2,0,0,0
249,16,5,3,2,0,0,0
250,16,5,3,2,0,0,0
251,16,5,3,2,0,0,0
252,16,5,3,2,1,0,0
253,16,5,3,2,0,1,1
254,11,26,14,11,0,0,0
255,14,2,2,1,0,0,0
256,16,5,3,2,0,0,0
257,16,5,3,2,1,0,0
258,16,5,3,2,0,0,0
259,16,5,3,2,0,0,0
260,16,5,3,2,0,0,0
261,14,2,2,1,1,0,0
262,14,2,2,1,0,0,0
263,14,2,2,1,0,0,0
264,14,2,2,1,0,1,0
265,14,2,2,1,0,0,0
266,13,3,3,2,1,0,0
267,14,2,2,1,0,1,1
268,14,2,2,1,0,0,0
269,14,2,2,1,1,0,0
270,13,3,3,2,0,0,0
271,13,3,3,2,0,0,0
272,13,3,3,2,0,0,0
273,13,3,3,2,0,0,0
274,13,3,3,2,0,0,0
275,13,3,3,2,1,1,1
276,13,3,3,2,1,1,0
277,13,3,3,2,0,0,0
278,13,3,3,2,0,1,1
279,13,3,3,2,0,0,0
280,13,3,3,2,0,0,0
281,13,3,3,2,0,0,0
282,13,3,3,2,0,0,0
283,13,3,3,2,0,0,0
284,13,3,3,2,0,0,0
285,111,2,1,1,0,0,0
286,111,2,1,1,0,0,0
287,111,2,1,1,0,0,0
288,111,2,1,1,0,0,0
289,111,2,1,1,0,0,0
290,111,2,1,1,0,0,0
291,111,2,1,1,0,0,0
292,111,2,1,1,0,0,0
293,111,2,1,1,1,1,1
294,111,2,1,1,0,0,0
295,111,2,1,1,1,0,0
296,111,2,1,1,0,0,0
297,110,1,1,1,0,0,0
298,111,2,1,1,0,0,0
299,111,2,1,1,0,0,0
300,111,2,1,1,0,0,0
301,110,1,1,1,0,0,0
302,110,1,1,1,0,0,0
303,110,1,1,1,0,0,0
304,110,1,1,1,0,0,0
305,108,2,1,1,0,0,0
306,108,2,1,1,0,0,0
307,108,2,1,1,0,0,0
308,108,2,1,1,0,0,0
309,108,2,1,1,0,0,0
310,108,2,1,1,0,0,0
311,108,2,1,1,0,0,0
312,108,2,1,1,0,0,0
313,108,2,1,1,0,0,0
314,108,2,1,1,0,0,0
315,108,2,1,1,1,1,1
316,108,2,1,1,0,0,0
317,108,2,1,1,0,0,0
318,110,1,1,1,0,1,1
319,110,1,1,1,0,0,0
320,110,1,1,1,0,0,0
321,110,1,1,1,0,0,0
322,110,1,1,1,0,0,0
323,110,1,1,1,0,0,0
324,110,1,1,1,1,0,0
325,110,1,1,1,0,0,0
326,110,1,1,1,0,0,0
327,110,1,1,1,0,0,0
328,112,6,5,2,1,0,0
329,112,6,5,2,0,0,0
330,110,1,1,1,0,0,0
331,110,1,1,1,0,0,0
332,110,1,1,1,0,0,0
333,110,1,1,1,0,0,0
334,110,1,1,1,0,0,0
335,110,1,1,1,0,0,0
336,110,1,1,1,0,0,0
337,110,1,1,1,0,0,0
338,110,1,1,1,0,0,0
339,110,1,1,1,0,0,0
340,110,1,1,1,0,0,0
341,108,2,1,1,0,0,0
342,108,2,1,1,0,0,0
343,108,2,1,1,0,0,0
344,108,2,1,1,0,0,0
345,108,2,1,1,0,0,0
346,108,2,1,1,0,0,0
347,108,2,1,1,0,0,0
348,716,2,1,1,0,0,0
349,716,2,1,1,0,0,0
350,112,6,5,2,0,0,0
351,112,6,5,2,0,0,0
352,112,6,5,2,0,0,0
353,112,6,5,2,0,0,0
354,112,6,5,2,1,0,0
355,110,1,1,1,0,0,0
356,112,6,5,2,0,0,0
357,112,6,5,2,0,0,0
358,112,6,5,2,0,0,0
359,112,6,5,2,0,0,0
360,112,6,5,2,0,0,0
361,112,6,5,2,0,0,0
362,112,6,5,2,0,0,0
363,112,6,5,2,0,0,0
364,112,6,5,2,0,0,0
365,112,6,5,2,0,0,0
366,112,6,5,2,0,0,0
367,112,6,5,2,1,1,0
368,112,6,5,2,0,0,0
369,112,6,5,2,0,0,0
370,112,6,5,2,0,0,0
371,112,6,5,2,0,0,0
372,112,6,5,2,0,0,0
373,110,1,1,1,0,0,0
374,276,6,2,1,0,0,0
375,112,6,5,2,0,0,0
376,276,6,2,1,0,0,0
377,112,6,5,2,0,0,0
378,112,6,5,2,0,0,0
379,112,6,5,2,0,1,1
380,112,6,5,2,1,1,0
381,112,6,5,2,0,0,0
382,112,6,5,2,0,0,0
383,112,6,5,2,0,0,0
384,112,6,5,2,0,0,0
385,112,6,5,2,0,0,0
386,112,6,5,2,0,0,0
387,112,6,5,2,0,0,0
388,112,6,5,2,0,0,0
389,112,6,5,2,1,1,1
390,112,6,5,2,0,1,0
391,112,6,5,2,0,0,0
392,112,6,5,2,0,0,0
393,112,6,5,2,0,0,0
394,112,6,5,2,1,0,0
395,276,6,2,1,0,0,0
396,197,5,5,3,0,0,0
397,197,5,5,3,1,0,0
398,197,5,5,3,0,0,0
399,197,5,5,3,0,0,0
400,197,5,5,3,0,0,0
401,197,5,5,3,0,0,0
402,197,5,5,3,0,0,0
403,197,5,5,3,0,0,0
404,197,5,5,3,1,0,0
405,197,5,5,3,0,0,0
406,197,5,5,3,0,0,0
407,197,5,5,3,0,1,1
408,197,5,5,3,0,0,0
409,197,5,5,3,0,0,0
410,197,5,5,3,0,0,0
411,197,5,5,3,0,0,0
412,197,5,5,3,0,0,0
413,197,5,5,3,0,1,0
414,197,5,5,3,0,0,0
415,197,5,5,3,0,0,0
416,197,5,5,3,0,0,0
417,197,5,5,3,0,1,1
418,197,5,5,3,1,0,0
419,197,5,5,3,0,0,0
420,197,5,5,3,0,0,0
421,197,5,5,3,0,1,1
422,197,5,5,3,0,0,0
423,197,5,5,3,0,0,0
424,197,5,5,3,0,0,0
425,197,5,5,3,1,0,0
426,197,5,5,3,0,0,0
427,197,5,5,3,0,0,0
428,6,2,1,1,0,0,0
429,6,2,1,1,0,0,0
430,6,2,1,1,0,0,0
431,6,2,1,1,1,0,0
432,6,2,1,1,0,1,1
433,6,2,1,1,0,0,0
434,6,2,1,1,0,0,0
435,6,2,1,1,0,0,0
436,197,5,5,3,0,0,0
437,197,5,5,3,0,0,0
438,197,5,5,3,0,0,0
439,197,5,5,3,0,0,0
440,197,5,5,3,0,0,0
441,199,5,1,1,0,0,0
442,199,5,1,1,0,0,0
443,6,2,1,1,0,0,0
444,6,2,1,1,0,0,0
445,6,2,1,1,0,0,0
446,6,2,1,1,0,0,0
447,6,2,1,1,1,0,0
448,199,5,1,1,0,0,0
449,199,5,1,1,0,0,0
450,199,5,1,1,0,0,0
451,199,5,1,1,1,0,0
452,199,5,1,1,0,0,0
453,199,5,1,1,0,0,0
454,199,5,1,1,0,0,0
455,199,5,1,1,0,0,0
456,199,5,1,1,1,0,0
457,6,2,1,1,0,0,0
458,199,5,1,1,1,0,0
459,199,5,1,1,0,0,0
460,199,5,1,1,0,0,0
461,199,5,1,1,1,0,0
462,199,5,1,1,1,0,0
463,199,5,1,1,0,0,0
464,199,5,1,1,0,0,0
465,199,5,1,1,0,0,0
466,199,5,1,1,0,1,1
467,199,5,1,1,0,0,0
468,199,5,1,1,0,0,0
469,199,5,1,1,0,0,0
470,199,5,1,1,0,0,0
471,196,19,10,5,0,0,0
472,197,5,5,3,0,0,0
473,197,5,5,3,0,0,0
474,197,5,5,3,0,0,0
475,197,5,5,3,0,0,0
476,197,5,5,3,0,0,0
477,197,5,5,3,0,0,0
478,191,9,4,1,0,0,0
479,191,9,4,1,0,0,0
480,197,5,5,3,0,0,0
481,197,5,5,3,1,0,0
482,197,5,5,3,0,0,0
483,196,19,10,5,0,0,0
484,196,19,10,5,0,0,0
485,196,19,10,5,0,0,0
486,196,19,10,5,0,0,0
487,196,19,10,5,0,0,0
488,197,5,5,3,0,0,0
489,196,19,10,5,0,0,0
490,196,19,10,5,0,0,0
491,196,19,10,5,0,0,0
492,196,19,10,5,0,0,0
493,196,19,10,5,0,0,0
494,196,19,10,5,0,0,0
495,196,19,10,5,0,0,0
496,196,19,10,5,1,0,0
497,196,19,10,5,0,0,0
498,197,5,5,3,0,0,0
499,196,19,10,5,0,0,0
500,196,19,10,5,0,0,0
501,196,19,10,5,1,0,0
502,196,19,10,5,0,0,0
503,196,19,10,5,0,0,0
504,196,19,10,5,0,0,0
505,196,19,10,5,0,0,0
506,196,19,10,5,1,1,1
507,196,19,10,5,0,0,0
508,196,19,10,5,0,0,0
509,196,19,10,5,0,0,0
510,196,19,10,5,1,0,0
511,196,19,10,5,0,0,0
512,196,19,10,5,0,0,0
513,199,5,1,1,0,0,0
514,196,19,10,5,0,0,0
515,196,19,10,5,0,0,0
516,196,19,10,5,1,0,0
517,196,19,10,5,0,0,0
518,196,19,10,5,0,0,0
519,196,19,10,5,0,0,0
520,196,19,10,5,0,0,0
521,196,19,10,5,0,0,0
522,196,19,10,5,1,0,0
523,196,19,10,5,1,1,0
524,196,19,10,5,1,0,0
525,196,19,10,5,0,0,0
526,196,19,10,5,0,0,0
527,196,19,10,5,0,1,1
528,196,19,10,5,0,0,0
529,196,19,10,5,0,0,0
530,191,9,4,1,0,0,0
531,196,19,10,5,0,0,0
532,191,9,4,1,1,0,0
533,196,19,10,5,0,0,0
534,196,19,10,5,0,0,0
535,196,19,10,5,0,0,0
536,191,9,4,1,0,0,0
537,196,19,10,5,0,0,0
538,191,9,4,1,0,0,0
539,191,9,4,1,0,0,0
540,191,9,4,1,0,1,0
541,191,9,4,1,1,0,0
542,191,9,4,1,0,0,0
543,191,9,4,1,1,0,0
544,191,9,4,1,0,0,0
545,191,9,4,1,0,0,0
546,191,9,4,1,0,0,0
547,191,9,4,1,0,0,0
548,191,9,4,1,0,0,0
549,191,9,4,1,0,0,0
550,191,9,4,1,0,1,1
551,191,9,4,1,0,0,0
552,191,9,4,1,0,0,0
553,191,9,4,1,0,0,0
554,191,9,4,1,0,0,0
555,196,19,10,5,0,0,0
556,191,9,4,1,0,0,0
557,191,9,4,1,0,0,0
558,191,9,4,1,0,0,0
559,191,9,4,1,1,1,0
560,196,19,10,5,0,0,0
561,196,19,10,5,0,0,0
562,196,19,10,5,0,0,0
563,191,9,4,1,0,0,0
564,191,9,4,1,0,0,0
565,191,9,4,1,0,0,0
566,191,9,4,1,1,0,0
567,191,9,4,1,0,0,0
568,191,9,4,1,1,0,0
569,191,9,4,1,0,0,0
570,191,9,4,1,0,0,0
571,191,9,4,1,0,0,0
572,191,9,4,1,0,0,0
573,191,9,4,1,0,0,0
574,191,9,4,1,0,0,0
575,196,19,10,5,0,0,0
576,191,9,4,1,0,0,0
577,191,9,4,1,0,0,0
578,191,9,4,1,0,0,0
579,191,9,4,1,0,0,0
580,191,9,4,1,0,0,0
581,194,8,5,2,0,0,0
582,191,9,4,1,0,0,0
583,194,8,5,2,0,0,0
584,196,19,10,5,0,0,0
585,196,19,10,5,0,0,0
586,196,19,10,5,0,0,0
587,196,19,10,5,1,0,0
588,196,19,10,5,0,0,0
589,196,19,10,5,0,0,0
590,196,19,10,5,1,1,0
591,196,19,10,5,1,0,0
592,196,19,10,5,0,0,0
593,196,19,10,5,0,0,0
594,196,19,10,5,0,0,0
595,196,19,10,5,0,1,1
596,196,19,10,5,1,0,0
597,196,19,10,5,0,0,0
598,196,19,10,5,0,0,0
599,196,19,10,5,0,0,0
600,196,19,10,5,0,0,0
601,196,19,10,5,0,0,0
602,196,19,10,5,1,0,0
603,196,19,10,5,0,0,0
604,196,19,10,5,0,0,0
605,196,19,10,5,0,1,0
606,196,19,10,5,0,0,0
607,196,19,10,5,1,0,0
608,196,19,10,5,1,1,0
609,196,19,10,5,0,1,1
610,196,19,10,5,0,0,0
611,196,19,10,5,1,1,0
612,196,19,10,5,0,0,0
613,196,19,10,5,0,0,0
614,196,19,10,5,0,0,0
615,196,19,10,5,0,0,0
616,196,19,10,5,0,0,0
617,196,19,10,5,0,0,0
618,196,19,10,5,0,0,0
619,196,19,10,5,0,0,0
620,196,19,10,5,0,0,0
621,196,19,10,5,0,0,0
622,196,19,10,5,1,0,0
623,196,19,10,5,0,0,0
624,196,19,10,5,0,0,0
625,196,19,10,5,0,0,0
626,196,19,10,5,0,0,0
627,196,19,10,5,0,0,0
628,196,19,10,5,0,0,0
629,196,19,10,5,0,0,0
630,196,19,10,5,0,0,0
631,196,19,10,5,1,1,1
632,196,19,10,5,0,0,0
633,196,19,10,5,0,0,0
634,196,19,10,5,0,0,0
635,196,19,10,5,0,0,0
636,196,19,10,5,0,0,0
637,196,19,10,5,0,0,0
638,192,5,3,1,0,0,0
639,192,5,3,1,1,0,0
640,192,5,3,1,1,1,0
641,192,5,3,1,1,1,0
642,192,5,3,1,0,0,0
643,192,5,3,1,0,0,0
644,192,5,3,1,1,1,1
645,192,5,3,1,0,0,0
646,192,5,3,1,1,0,0
647,192,5,3,1,0,0,0
648,196,19,10,5,0,0,0
649,196,19,10,5,0,0,0
650,196,19,10,5,1,0,0
651,196,19,10,5,0,0,0
652,196,19,10,5,0,0,0
653,194,8,5,2,0,0,0
654,194,8,5,2,0,0,0
655,196,19,10,5,0,0,0
656,194,8,5,2,1,0,0
657,194,8,5,2,1,0,0
658,194,8,5,2,1,0,0
659,194,8,5,2,1,0,0
660,194,8,5,2,0,0,0
661,194,8,5,2,0,0,0
662,194,8,5,2,0,0,0
663,194,8,5,2,1,0,0
664,194,8,5,2,0,0,0
665,194,8,5,2,0,0,0
666,194,8,5,2,0,1,0
667,194,8,5,2,1,1,1
668,194,8,5,2,0,0,0
669,194,8,5,2,0,0,0
670,194,8,5,2,0,1,0
671,194,8,5,2,0,0,0
672,194,8,5,2,0,0,0
673,194,8,5,2,0,0,0
674,194,8,5,2,0,0,0
675,194,8,5,2,0,0,0
676,194,8,5,2,0,0,0
677,194,8,5,2,0,0,0
678,194,8,5,2,0,1,1
679,194,8,5,2,0,0,0
680,194,8,5,2,1,0,0
681,194,8,5,2,0,0,0
682,194,8,5,2,0,0,0
683,194,8,5,2,0,0,0
684,192,5,3,1,0,0,0
685,194,8,5,2,0,0,0
686,194,8,5,2,0,0,0
687,194,8,5,2,0,0,0
688,194,8,5,2,0,0,0
689,194,8,5,2,0,0,0
690,194,8,5,2,0,0,0
691,194,8,5,2,1,1,0
692,194,8,5,2,0,0,0
693,194,8,5,2,0,0,0
694,194,8,5,2,0,0,0
695,194,8,5,2,0,0,0
696,192,5,3,1,0,0,0
697,192,5,3,1,0,0,0
698,192,5,3,1,0,0,0
699,192,5,3,1,0,0,0
700,659,4,1,1,1,0,0
701,194,8,5,2,0,0,0
702,659,4,1,1,0,0,0
703,659,4,1,1,0,0,0
704,659,4,1,1,0,0,0
705,659,4,1,1,0,0,0
706,659,4,1,1,0,0,0
707,195,1,1,1,0,0,0
708,659,4,1,1,0,0,0
709,192,5,3,1,0,0,0
710,195,1,1,1,0,0,0
711,192,5,3,1,0,0,0
712,192,5,3,1,0,0,0
713,192,5,3,1,0,0,0
714,192,5,3,1,0,0,0
715,192,5,3,1,0,0,0
716,196,19,10,5,0,0,0
717,196,19,10,5,0,0,0
718,196,19,10,5,0,0,0
719,196,19,10,5,0,0,0
720,196,19,10,5,0,0,0
721,196,19,10,5,0,0,0
722,196,19,10,5,0,0,0
723,196,19,10,5,0,0,0
724,196,19,10,5,0,0,0
725,199,5,1,1,0,0,0
726,196,19,10,5,0,0,0
727,196,19,10,5,0,0,0
728,196,19,10,5,0,0,0
729,200,4,3,2,0,0,0
730,200,4,3,2,0,0,0
731,200,4,3,2,0,0,0
732,200,4,3,2,0,0,0
733,200,4,3,2,0,0,0
734,200,4,3,2,0,0,0
735,200,4,3,2,0,0,0
736,200,4,3,2,0,0,0
737,200,4,3,2,0,0,0
738,192,5,3,1,0,0,0
739,195,1,1,1,0,0,0
740,200,4,3,2,0,0,0
741,195,1,1,1,0,0,0
742,195,1,1,1,1,1,1
743,195,1,1,1,0,0,0
744,195,1,1,1,0,0,0
745,195,1,1,1,0,0,0
746,195,1,1,1,0,0,0
747,200,4,3,2,0,0,0
748,200,4,3,2,0,0,0
749,200,4,3,2,0,0,0
750,200,4,3,2,0,0,0
751,252,1,1,1,0,0,0
752,252,1,1,1,0,0,0
753,200,4,3,2,0,0,0
754,200,4,3,2,0,0,0
755,200,4,3,2,0,0,0
756,200,4,3,2,0,0,0
757,200,4,3,2,0,0,0
758,200,4,3,2,0,0,0
759,200,4,3,2,0,0,0
760,200,4,3,2,0,0,0
761,200,4,3,2,0,1,1
762,200,4,3,2,0,0,0
763,200,4,3,2,0,0,0
764,200,4,3,2,0,0,0
765,200,4,3,2,1,0,0
766,200,4,3,2,1,1,0
767,200,4,3,2,0,0,0
768,200,4,3,2,0,0,0
769,200,4,3,2,1,0,0
770,200,4,3,2,0,1,1
771,200,4,3,2,0,0,0
772,200,4,3,2,0,0,0
773,200,4,3,2,1,0,0
774,200,4,3,2,0,0,0
775,200,4,3,2,0,0,0
776,200,4,3,2,0,0,0
777,883,1,2,1,1,1,1
778,877,5,1,1,0,0,0
779,883,1,2,1,0,0,0
780,883,1,2,1,0,0,0
781,877,5,1,1,0,0,0
782,877,5,1,1,0,0,0
783,883,1,2,1,0,0,0
784,279,18,8,4,0,0,0
785,279,18,8,4,0,0,0
786,877,5,1,1,0,0,0
787,877,5,1,1,0,0,0
788,877,5,1,1,0,0,0
789,877,5,1,1,0,0,0
790,728,7,6,4,0,0,0
791,728,7,6,4,0,0,0
792,728,7,6,4,0,0,0
793,728,7,6,4,1,1,0
794,728,7,6,4,0,0,0
795,728,7,6,4,0,0,0
796,728,7,6,4,0,0,0
797,728,7,6,4,0,1,0
798,728,7,6,4,1,0,0
799,728,7,6,4,0,0,0
800,728,7,6,4,0,1,1
801,728,7,6,4,0,0,0
802,728,7,6,4,0,0,0
803,11,26,14,11,0,0,0
804,11,26,14,11,0,0,0
805,11,26,14,11,0,0,0
806,11,26,14,11,0,0,0
807,11,26,14,11,0,0,0
808,279,18,8,4,0,0,0
809,279,18,8,4,0,0,0
810,11,26,14,11,0,0,0
811,11,26,14,11,0,0,0
812,11,26,14,11,1,0,0
813,11,26,14,11,0,0,0
814,11,26,14,11,0,0,0
815,11,26,14,11,0,0,0
816,11,26,14,11,0,0,0
817,11,26,14,11,0,0,0
818,11,26,14,11,0,0,0
819,11,26,14,11,0,0,0
820,11,26,14,11,0,0,0
821,11,26,14,11,0,0,0
822,11,26,14,11,0,0,0
823,11,26,14,11,0,0,0
824,11,26,14,11,0,0,0
825,11,26,14,11,0,0,0
826,11,26,14,11,1,1,0
827,11,26,14,11,0,0,0
828,11,26,14,11,0,0,0
829,11,26,14,11,0,0,0
830,11,26,14,11,1,0,0
831,11,26,14,11,0,1,1
832,279,18,8,4,0,0,0
833,279,18,8,4,0,0,0
834,11,26,14,11,0,0,0
835,11,26,14,11,0,1,1
836,279,18,8,4,0,0,0
837,279,18,8,4,1,0,0
838,279,18,8,4,0,0,0
839,279,18,8,4,1,0,0
840,279,18,8,4,0,0,0
841,279,18,8,4,0,0,0
842,279,18,8,4,0,0,0
843,279,18,8,4,0,0,0
844,279,18,8,4,1,0,0
845,279,18,8,4,0,0,0
846,279,18,8,4,0,0,0
847,279,18,8,4,0,0,0
848,279,18,8,4,1,0,0
849,279,18,8,4,0,0,0
850,279,18,8,4,0,0,0
851,279,18,8,4,0,0,0
852,279,18,8,4,0,1,1
853,279,18,8,4,0,0,0
854,279,18,8,4,0,0,0
855,279,18,8,4,0,0,0
856,279,18,8,4,0,0,0
857,279,18,8,4,0,0,0
858,279,18,8,4,0,0,0
859,279,18,8,4,0,0,0
860,279,18,8,4,0,0,0
861,279,18,8,4,0,0,0
862,279,18,8,4,0,0,0
863,279,18,8,4,0,0,0
864,279,18,8,4,0,0,0
865,279,18,8,4,0,1,1
866,279,18,8,4,1,0,0
867,279,18,8,4,0,0,0
868,279,18,8,4,1,0,0
869,279,18,8,4,0,0,0
870,279,18,8,4,0,0,0
871,279,18,8,4,0,0,0
872,279,18,8,4,0,0,0
873,279,18,8,4,1,0,0
874,279,18,8,4,0,0,0
875,279,18,8,4,1,0,0
876,279,18,8,4,0,0,0
877,279,18,8,4,0,0,0
878,279,18,8,4,0,0,0
879,279,18,8,4,0,0,0
880,279,18,8,4,0,0,0
881,279,18,8,4,1,0,0
882,279,18,8,4,0,0,0
883,281,12,4,2,0,0,0
884,284,8,4,1,0,0,0
885,281,12,4,2,0,0,0
886,281,12,4,2,0,0,0
887,284,8,4,1,0,0,0
888,284,8,4,1,0,0,0
889,284,8,4,1,0,0,0
890,284,8,4,1,1,0,0
891,284,8,4,1,1,0,0
892,284,8,4,1,0,0,0
893,284,8,4,1,0,1,1
894,284,8,4,1,0,0,0
895,284,8,4,1,0,0,0
896,279,18,8,4,0,0,0
897,279,18,8,4,0,0,0
898,883,1,2,1,0,0,0
899,883,1,2,1,0,0,0
900,883,1,2,1,0,0,0
901,883,1,2,1,0,0,0
902,883,1,2,1,0,0,0
903,883,1,2,1,0,0,0
904,883,1,2,1,0,0,0
905,883,1,2,1,0,0,0
906,879,1,1,1,0,0,0
907,879,1,1,1,0,0,0
908,879,1,1,1,0,0,0
909,879,1,1,1,0,0,0
910,278,1,2,1,0,0,0
911,879,1,1,1,0,0,0
912,284,8,4,1,0,0,0
913,284,8,4,1,0,0,0
914,284,8,4,1,0,0,0
915,284,8,4,1,0,0,0
916,278,1,2,1,0,0,0
917,284,8,4,1,0,0,0
918,278,1,2,1,0,0,0
919,278,1,2,1,0,0,0
920,278,1,2,1,0,0,0
921,278,1,2,1,1,1,0
922,278,1,2,1,0,1,1
923,278,1,2,1,0,0,0
924,278,1,2,1,0,0,0
925,278,1,2,1,0,0,0
926,284,8,4,1,0,0,0
927,278,1,2,1,0,0,0
928,278,1,2,1,0,0,0
929,278,1,2,1,0,0,0
930,278,1,2,1,0,0,0
931,278,1,2,1,0,0,0
932,278,1,2,1,0,0,0
933,278,1,2,1,0,0,0
934,278,1,2,1,0,0,0
935,277,2,1,1,0,0,0
936,277,2,1,1,0,0,0
937,278,1,2,1,0,0,0
938,879,1,1,1,0,0,0
939,111,2,1,1,0,0,0
940,111,2,1,1,0,0,0
941,277,2,1,1,1,1,1
942,111,2,1,1,0,0,0
943,111,2,1,1,0,0,0
944,110,1,1,1,0,0,0
945,110,1,1,1,0,0,0
946,110,1,1,1,0,0,0
947,277,2,1,1,0,0,0
948,277,2,1,1,0,0,0
949,277,2,1,1,0,0,0
950,277,2,1,1,1,0,0
951,277,2,1,1,0,0,0
952,277,2,1,1,0,0,0
953,277,2,1,1,0,0,0
954,278,1,2,1,0,0,0
955,278,1,2,1,0,0,0
956,278,1,2,1,0,0,0
957,277,2,1,1,0,0,0
958,277,2,1,1,0,0,0
959,277,2,1,1,0,0,0
960,276,6,2,1,1,0,0
961,276,6,2,1,0,0,0
962,276,6,2,1,0,0,0
963,276,6,2,1,1,0,0
964,276,6,2,1,0,0,0
965,276,6,2,1,0,0,0
966,276,6,2,1,0,1,1
967,276,6,2,1,0,0,0
968,276,6,2,1,1,0,0
969,276,6,2,1,0,0,0
970,276,6,2,1,0,0,0
971,284,8,4,1,0,0,0
972,284,8,4,1,0,0,0
973,284,8,4,1,0,1,0
974,284,8,4,1,0,0,0
975,284,8,4,1,0,0,0
976,276,6,2,1,0,0,0
977,276,6,2,1,0,0,0
978,276,6,2,1,0,0,0
979,276,6,2,1,0,1,0
980,276,6,2,1,0,0,0
981,276,6,2,1,0,0,0
982,276,6,2,1,1,0,0
983,276,6,2,1,1,0,0
984,276,6,2,1,0,0,0
985,270,6,3,1,1,0,0
986,270,6,3,1,0,0,0
987,270,6,3,1,0,0,0
988,270,6,3,1,1,0,0
989,276,6,2,1,0,0,0
990,270,6,3,1,0,0,0
991,276,6,2,1,0,0,0
992,276,6,2,1,1,0,0
993,284,8,4,1,0,0,0
994,284,8,4,1,0,0,0
995,284,8,4,1,0,0,0
996,284,8,4,1,0,0,0
997,284,8,4,1,0,0,0
998,284,8,4,1,0,0,0
999,284,8,4,1,1,0,0
1000,284,8,4,1,0,1,0
1001,284,8,4,1,1,0,0
1002,284,8,4,1,0,0,0
1003,284,8,4,1,0,0,0
1004,284,8,4,1,1,0,0
1005,284,8,4,1,0,0,0
1006,284,8,4,1,0,0,0
1007,284,8,4,1,1,0,0
1008,284,8,4,1,0,0,0
1009,284,8,4,1,0,0,0
1010,284,8,4,1,0,0,0
1011,284,8,4,1,0,0,0
1012,284,8,4,1,0,0,0
1013,284,8,4,1,0,0,0
1014,284,8,4,1,0,0,0
1015,284,8,4,1,0,0,0
1016,270,6,3,1,0,0,0
1017,270,6,3,1,0,1,0
1018,270,6,3,1,0,0,0
1019,270,6,3,1,0,0,0
1020,270,6,3,1,0,0,0
1021,270,6,3,1,0,0,0
1022,270,6,3,1,0,0,0
1023,270,6,3,1,0,0,0
1024,270,6,3,1,0,0,0
1025,270,6,3,1,0,0,0
1026,270,6,3,1,0,0,0
1027,270,6,3,1,0,1,0
1028,270,6,3,1,0,0,0
1029,270,6,3,1,0,0,0
1030,270,6,3,1,1,0,0
1031,270,6,3,1,0,0,0
1032,270,6,3,1,0,0,0
1033,270,6,3,1,0,0,0
1034,270,6,3,1,1,0,0
1035,270,6,3,1,0,0,0
1036,270,6,3,1,0,0,0
1037,270,6,3,1,0,0,0
1038,270,6,3,1,0,0,0
1039,270,6,3,1,0,0,0
1040,270,6,3,1,1,1,1
1041,270,6,3,1,0,0,0
1042,284,8,4,1,0,0,0
1043,284,8,4,1,0,0,0
1044,284,8,4,1,0,0,0
1045,284,8,4,1,0,0,0
1046,284,8,4,1,0,0,0
1047,284,8,4,1,1,0,0
1048,284,8,4,1,1,1,0
1049,270,6,3,1,0,0,0
1050,270,6,3,1,0,0,0
1051,284,8,4,1,0,0,0
1052,281,12,4,2,0,1,1
1053,284,8,4,1,0,0,0
1054,284,8,4,1,0,0,0
1055,284,8,4,1,0,0,0
1056,281,12,4,2,0,0,0
1057,281,12,4,2,0,0,0
1058,281,12,4,2,1,0,0
1059,281,12,4,2,0,0,0
1060,281,12,4,2,0,0,0
1061,281,12,4,2,0,0,0
1062,279,18,8,4,0,0,0
1063,279,18,8,4,0,0,0
1064,279,18,8,4,0,0,0
1065,279,18,8,4,0,0,0
1066,279,18,8,4,0,0,0
1067,279,18,8,4,0,0,0
1068,279,18,8,4,1,0,0
1069,279,18,8,4,0,1,0
1070,279,18,8,4,0,0,0
1071,279,18,8,4,0,0,0
1072,279,18,8,4,0,1,1
1073,279,18,8,4,0,0,0
1074,279,18,8,4,0,0,0
1075,279,18,8,4,1,1,0
1076,279,18,8,4,1,0,0
1077,279,18,8,4,1,0,0
1078,279,18,8,4,0,1,1
1079,279,18,8,4,1,0,0
1080,279,18,8,4,1,0,0
1081,279,18,8,4,0,0,0
1082,11,26,14,11,0,0,0
1083,11,26,14,11,0,0,0
1084,11,26,14,11,0,0,0
1085,11,26,14,11,1,0,0
1086,11,26,14,11,0,0,0
1087,279,18,8,4,1,0,0
1088,279,18,8,4,0,0,0
1089,279,18,8,4,0,0,0
1090,279,18,8,4,0,1,0
1091,279,18,8,4,0,0,0
1092,286,1,1,1,0,0,0
1093,11,26,14,11,0,0,0
1094,11,26,14,11,1,0,0
1095,11,26,14,11,0,1,1
1096,286,1,1,1,0,0,0
1097,11,26,14,11,0,0,0
1098,286,1,1,1,0,0,0
1099,286,1,1,1,0,0,0
1100,286,1,1,1,1,1,1
1101,286,1,1,1,0,0,0
1102,279,18,8,4,0,0,0
1103,279,18,8,4,1,0,0
1104,281,12,4,2,0,0,0
1105,281,12,4,2,0,0,0
1106,281,12,4,2,1,0,0
1107,281,12,4,2,0,0,0
1108,281,12,4,2,0,0,0
1109,279,18,8,4,1,1,0
1110,279,18,8,4,0,0,0
1111,281,12,4,2,1,0,0
1112,281,12,4,2,1,0,0
1113,279,18,8,4,0,0,0
1114,281,12,4,2,0,0,0
1115,281,12,4,2,1,0,0
1116,281,12,4,2,0,0,0
1117,281,12,4,2,0,0,0
1118,281,12,4,2,0,0,0
1119,281,12,4,2,0,0,0
1120,281,12,4,2,0,0,0
1121,281,12,4,2,0,0,0
1122,281,12,4,2,0,0,0
1123,281,12,4,2,0,0,0
1124,281,12,4,2,0,0,0
1125,281,12,4,2,0,0,0
1126,281,12,4,2,0,0,0
1127,281,12,4,2,0,0,0
1128,281,12,4,2,1,0,0
1129,281,12,4,2,0,0,0
1130,281,12,4,2,0,1,1
1131,281,12,4,2,0,0,0
1132,281,12,4,2,0,0,0
1133,281,12,4,2,0,0,0
1134,281,12,4,2,0,0,0
1135,281,12,4,2,0,1,0
1136,281,12,4,2,0,0,0
1137,281,12,4,2,0,0,0
1138,281,12,4,2,0,0,0
1139,281,12,4,2,1,0,0
1140,281,12,4,2,1,0,0
1141,281,12,4,2,0,0,0
1142,281,12,4,2,1,0,0
1143,281,12,4,2,0,0,0
1144,281,12,4,2,0,0,0
1145,281,12,4,2,0,0,0
1146,281,12,4,2,0,0,0
1147,281,12,4,2,0,0,0
1148,281,12,4,2,0,0,0
1149,270,6,3,1,0,0,0
1150,270,6,3,1,0,0,0
1151,270,6,3,1,0,0,0
1152,270,6,3,1,0,0,0
1153,270,6,3,1,0,0,0
1154,270,6,3,1,0,0,0
1155,281,12,4,2,0,0,0
1156,281,12,4,2,0,0,0
1157,270,6,3,1,1,0,0
1158,270,6,3,1,0,0,0
1159,270,6,3,1,0,0,0
1160,270,6,3,1,0,0,0
1161,270,6,3,1,0,0,0
1162,270,6,3,1,0,0,0
1163,270,6,3,1,0,0,0
1164,281,12,4,2,0,0,0
1165,281,12,4,2,1,0,0
1166,281,12,4,2,0,0,0
1167,281,12,4,2,1,0,0
1168,281,12,4,2,0,1,0
1169,281,12,4,2,0,0,0
1170,281,12,4,2,0,0,0
1171,281,12,4,2,0,0,0
1172,281,12,4,2,0,0,0
1173,281,12,4,2,1,0,0
1174,281,12,4,2,0,0,0
1175,1,55,39,23,0,0,0
1176,1,55,39,23,1,1,0
1177,1,55,39,23,0,0,0
1178,1,55,39,23,0,0,0
1179,1,55,39,23,0,0,0
1180,1,55,39,23,0,0,0
1181,1,55,39,23,0,0,0
1182,1,55,39,23,0,1,1
1183,1,55,39,23,0,0,0
1184,1,55,39,23,1,0,0
1185,1,55,39,23,0,0,0
1186,1,55,39,23,0,0,0
1187,1,55,39,23,0,0,0
1188,1,55,39,23,1,0,0
1189,1,55,39,23,0,0,0
1190,1,55,39,23,0,0,0
1191,1,55,39,23,0,0,0
1192,1,55,39,23,0,0,0
1193,1,55,39,23,0,0,0
1194,1,55,39,23,0,0,0
1195,1,55,39,23,1,0,0
1196,1,55,39,23,0,0,0
1197,1,55,39,23,0,0,0
1198,1,55,39,23,1,0,0
1199,1,55,39,23,1,1,0
1200,1,55,39,23,1,0,0
1201,1,55,39,23,0,0,0
1202,1,55,39,23,0,0,0
1203,1,55,39,23,0,0,0
1204,1,55,39,23,0,0,0
1205,1,55,39,23,0,1,1
1206,1,55,39,23,0,0,0
1207,1,55,39,23,0,0,0
1208,1,55,39,23,0,0,0
1209,1,55,39,23,0,0,0
1210,1,55,39,23,1,1,0
1211,1,55,39,23,0,0,0
1212,1,55,39,23,0,0,0
1213,1,55,39,23,1,1,1
1214,1,55,39,23,1,1,0
1215,1,55,39,23,1,1,1
1216,1,55,39,23,0,0,0
1217,1,55,39,23,1,0,0
1218,1,55,39,23,0,0,0
1219,1,55,39,23,0,0,0
1220,1,55,39,23,0,0,0
1221,1,55,39,23,1,0,0
1222,1,55,39,23,0,0,0
1223,1,55,39,23,0,0,0
1224,1,55,39,23,0,0,0
1225,1,55,39,23,0,0,0
1226,1,55,39,23,0,0,0
1227,1,55,39,23,1,1,0
1228,1,55,39,23,1,1,0
1229,1,55,39,23,1,0,0
1230,1,55,39,23,0,0,0
1231,1,55,39,23,0,0,0
1232,1,55,39,23,0,0,0
1233,1,55,39,23,0,0,0
1234,1,55,39,23,0,0,0
1235,1,55,39,23,0,0,0
1236,1,55,39,23,0,0,0
1237,1,55,39,23,0,0,0
1238,1,55,39,23,0,0,0
1239,1,55,39,23,0,0,0
1240,1,55,39,23,1,0,0
1241,1,55,39,23,0,0,0
1242,1,55,39,23,0,0,0
1243,1,55,39,23,0,0,0
1244,1,55,39,23,0,0,0
1245,1,55,39,23,0,1,1
1246,1,55,39,23,0,0,0
1247,1,55,39,23,1,1,1
1248,1,55,39,23,0,0,0
1249,1,55,39,23,0,0,0
1250,1,55,39,23,0,0,0
1251,1,55,39,23,0,0,0
1252,1,55,39,23,0,0,0
1253,1,55,39,23,0,0,0
1254,1,55,39,23,0,0,0
1255,1,55,39,23,1,0,0
1256,1,55,39,23,0,1,0
1257,1,55,39,23,0,0,0
1258,1,55,39,23,1,0,0
1259,282,1,1,1,0,0,0
1260,282,1,1,1,1,1,1
1261,282,1,1,1,0,0,0
1262,282,1,1,1,0,0,0
1263,282,1,1,1,0,0,0
1264,1,55,39,23,0,0,0
1265,282,1,1,1,0,0,0
1266,1,55,39,23,0,0,0
1267,1,55,39,23,0,0,0
1268,1,55,39,23,0,0,0
1269,1,55,39,23,0,0,0
1270,1,55,39,23,0,0,0
1271,1,55,39,23,0,0,0
1272,1,55,39,23,0,0,0
1273,1,55,39,23,1,0,0
1274,1,55,39,23,0,0,0
1275,1,55,39,23,0,0,0
1276,1,55,39,23,0,0,0
1277,1,55,39,23,0,0,0
1278,1,55,39,23,0,0,0
1279,1,55,39,23,0,1,1
1280,1,55,39,23,0,0,0
1281,1,55,39,23,0,0,0
1282,1,55,39,23,0,0,0
1283,1,55,39,23,0,0,0
1284,1,55,39,23,0,0,0
1285,1,55,39,23,0,0,0
1286,1,55,39,23,1,0,0
1287,1,55,39,23,0,0,0
1288,1,55,39,23,0,1,0
1289,1,55,39,23,0,0,0
1290,1,55,39,23,0,1,0
1291,1,55,39,23,1,0,0
1292,1,55,39,23,0,0,0
1293,1,55,39,23,0,1,1
1294,1,55,39,23,0,0,0
1295,1,55,39,23,1,1,1
1296,1,55,39,23,1,1,0
1297,1,55,39,23,0,0,0
1298,1,55,39,23,0,0,0
1299,1,55,39,23,0,0,0
1300,1,55,39,23,1,1,0
1301,1,55,39,23,0,0,0
1302,1,55,39,23,0,1,1
1303,1,55,39,23,0,0,0
1304,1,55,39,23,0,0,0
1305,1,55,39,23,0,0,0
1306,1,55,39,23,1,0,0
1307,1,55,39,23,0,0,0
1308,1,55,39,23,0,0,0
1309,1,55,39,23,0,0,0
1310,1,55,39,23,1,0,0
1311,1,55,39,23,0,0,0
1312,1,55,39,23,0,1,1
1313,1,55,39,23,0,0,0
1314,1,55,39,23,0,0,0
1315,1,55,39,23,0,0,0
1316,1,55,39,23,0,0,0
1317,1,55,39,23,0,0,0
1318,1,55,39,23,0,0,0
1319,1,55,39,23,0,0,0
1320,1,55,39,23,0,0,0
1321,1,55,39,23,0,0,0
1322,1,55,39,23,0,0,0
1323,1,55,39,23,1,1,1
1324,1,55,39,23,0,0,0
1325,1,55,39,23,0,0,0
1326,1,55,39,23,0,0,0
1327,1,55,39,23,0,0,0
1328,1,55,39,23,0,0,0
1329,1,55,39,23,0,0,0
1330,1,55,39,23,0,0,0
1331,1,55,39,23,0,0,0
1332,1,55,39,23,1,1,1
1333,1,55,39,23,0,1,1
1334,1,55,39,23,0,0,0
1335,1,55,39,23,0,0,0
1336,1,55,39,23,0,1,0
1337,1,55,39,23,1,0,0
1338,1,55,39,23,0,0,0
1339,1,55,39,23,0,0,0
1340,1,55,39,23,0,0,0
1341,1,55,39,23,1,0,0
1342,1,55,39,23,0,0,0
1343,1,55,39,23,0,0,0
1344,1,55,39,23,1,1,1
1345,1,55,39,23,0,0,0
1346,1,55,39,23,0,0,0
1347,1,55,39,23,0,1,1
1348,1,55,39,23,0,0,0
1349,1,55,39,23,0,1,1
1350,1,55,39,23,0,0,0
1351,1,55,39,23,0,0,0
1352,1,55,39,23,1,0,0
1353,1,55,39,23,0,0,0
1354,1,55,39,23,0,1,1
1355,1,55,39,23,0,0,0
1356,1,55,39,23,1,0,0
1357,1,55,39,23,0,0,0
1358,1,55,39,23,1,0,0
1359,1,55,39,23,0,0,0
1360,1,55,39,23,0,0,0
1361,1,55,39,23,0,0,0
1362,1,55,39,23,0,0,0
1363,1,55,39,23,0,0,0
1364,1,55,39,23,1,0,0
1365,1,55,39,23,0,0,0
1366,1,55,39,23,0,0,0
1367,1,55,39,23,0,0,0
1368,1,55,39,23,0,0,0
1369,1,55,39,23,0,0,0
1370,1,55,39,23,0,0,0
1371,1,55,39,23,0,0,0
1372,270,6,3,1,0,0,0
1373,283,3,2,1,0,0,0
1374,283,3,2,1,0,0,0
1375,283,3,2,1,0,0,0
1376,283,3,2,1,0,0,0
1377,283,3,2,1,0,0,0
1378,283,3,2,1,0,0,0
1379,283,3,2,1,0,0,0
1380,283,3,2,1,1,0,0
1381,283,3,2,1,0,0,0
1382,283,3,2,1,0,0,0
1383,283,3,2,1,0,1,0
1384,283,3,2,1,0,0,0
1385,283,3,2,1,0,0,0
1386,283,3,2,1,0,0,0
1387,283,3,2,1,1,0,0
1388,283,3,2,1,0,0,0
1389,283,3,2,1,0,0,0
1390,283,3,2,1,0,1,1
1391,283,3,2,1,0,0,0
1392,283,3,2,1,1,0,0
1393,283,3,2,1,0,0,0
1394,283,3,2,1,0,0,0
1395,273,6,2,1,1,0,0
1396,273,6,2,1,0,0,0
1397,273,6,2,1,0,0,0
1398,283,3,2,1,0,0,0
1399,283,3,2,1,0,0,0
1400,283,3,2,1,0,0,0
1401,283,3,2,1,0,0,0
1402,283,3,2,1,0,0,0
1403,273,6,2,1,0,0,0
1404,270,6,3,1,0,0,0
1405,283,3,2,1,0,0,0
1406,283,3,2,1,0,0,0
1407,270,6,3,1,0,0,0
1408,270,6,3,1,0,0,0
1409,270,6,3,1,0,0,0
1410,273,6,2,1,1,0,0
1411,273,6,2,1,0,0,0
1412,273,6,2,1,0,0,0
1413,272,6,3,2,0,0,0
1414,273,6,2,1,0,0,0
1415,273,6,2,1,0,0,0
1416,273,6,2,1,0,0,0
1417,273,6,2,1,0,0,0
1418,273,6,2,1,0,0,0
1419,273,6,2,1,0,0,0
1420,273,6,2,1,0,0,0
1421,273,6,2,1,0,0,0
1422,273,6,2,1,1,1,1
1423,273,6,2,1,1,0,0
1424,273,6,2,1,0,0,0
1425,273,6,2,1,0,0,0
1426,273,6,2,1,1,1,0
1427,273,6,2,1,0,0,0
1428,273,6,2,1,0,0,0
1429,273,6,2,1,0,0,0
1430,273,6,2,1,0,0,0
1431,273,6,2,1,0,0,0
1432,273,6,2,1,0,0,0
1433,1,55,39,23,0,0,0
1434,1,55,39,23,1,0,0
1435,273,6,2,1,0,0,0
1436,1,55,39,23,0,0,0
1437,1,55,39,23,0,0,0
1438,1,55,39,23,0,1,1
1439,1,55,39,23,1,0,0
1440,1,55,39,23,0,0,0
1441,1,55,39,23,1,0,0
1442,1,55,39,23,0,0,0
1443,1,55,39,23,1,1,0
1444,1,55,39,23,0,0,0
1445,1,55,39,23,0,0,0
1446,1,55,39,23,0,0,0
1447,1,55,39,23,0,0,0
1448,1,55,39,23,0,0,0
1449,1,55,39,23,0,0,0
1450,1,55,39,23,0,0,0
1451,1,55,39,23,0,0,0
1452,1,55,39,23,0,0,0
1453,1,55,39,23,1,1,1
1454,1,55,39,23,0,0,0
1455,1,55,39,23,0,0,0
1456,1,55,39,23,0,0,0
1457,1,55,39,23,0,0,0
1458,1,55,39,23,1,0,0
1459,1,55,39,23,0,0,0
1460,1,55,39,23,0,0,0
1461,1,55,39,23,0,0,0
1462,1,55,39,23,0,0,0
1463,1,55,39,23,0,0,0
1464,1,55,39,23,0,0,0
1465,1,55,39,23,0,0,0
1466,1,55,39,23,1,0,0
1467,1,55,39,23,0,0,0
1468,1,55,39,23,0,1,0
1469,1,55,39,23,0,0,0
1470,1,55,39,23,1,0,0
1471,1,55,39,23,0,0,0
1472,1,55,39,23,1,1,1
1473,1,55,39,23,0,1,0
1474,1,55,39,23,0,0,0
1475,1,55,39,23,0,0,0
1476,1,55,39,23,0,0,0
1477,1,55,39,23,1,0,0
1478,1,55,39,23,0,0,0
1479,1,55,39,23,0,0,0
1480,1,55,39,23,1,0,0
1481,1,55,39,23,0,1,1
1482,1,55,39,23,0,0,0
1483,1,55,39,23,0,0,0
1484,1,55,39,23,0,0,0
1485,1,55,39,23,0,0,0
1486,1,55,39,23,0,0,0
1487,1,55,39,23,1,0,0
1488,1,55,39,23,1,0,0
1489,1,55,39,23,0,0,0
1490,1,55,39,23,0,0,0
1491,1,55,39,23,1,0,0
1492,1,55,39,23,1,0,0
1493,1,55,39,23,0,0,0
1494,1,55,39,23,0,0,0
1495,1,55,39,23,0,0,0
1496,1,55,39,23,0,0,0
1497,1,55,39,23,0,0,0
1498,1,55,39,23,0,0,0
1499,1,55,39,23,1,0,0
1500,1,55,39,23,0,0,0
1501,1,55,39,23,0,0,0
1502,1,55,39,23,0,0,0
1503,1,55,39,23,0,0,0
1504,1,55,39,23,0,0,0
1505,1,55,39,23,0,1,0
1506,1,55,39,23,0,0,0
1507,1,55,39,23,0,0,0
1508,1,55,39,23,0,0,0
1509,1,55,39,23,0,1,1
1510,1,55,39,23,0,0,0
1511,1,55,39,23,0,0,0
1512,1,55,39,23,0,0,0
1513,1,55,39,23,1,0,0
1514,1,55,39,23,1,0,0
1515,1,55,39,23,0,0,0
1516,1,55,39,23,0,0,0
1517,1,55,39,23,0,0,0
1518,1,55,39,23,0,0,0
1519,1,55,39,23,0,0,0
1520,1,55,39,23,0,0,0
1521,197,5,5,3,0,0,0
1522,1,55,39,23,0,0,0
1523,271,11,4,2,0,0,0
1524,271,11,4,2,0,0,0
1525,197,5,5,3,0,0,0
1526,271,11,4,2,0,0,0
1527,271,11,4,2,0,0,0
1528,271,11,4,2,0,0,0
1529,271,11,4,2,0,0,0
1530,271,11,4,2,0,0,0
1531,271,11,4,2,0,0,0
1532,271,11,4,2,1,0,0
1533,271,11,4,2,0,0,0
1534,271,11,4,2,0,0,0
1535,271,11,4,2,0,0,0
1536,271,11,4,2,0,0,0
1537,271,11,4,2,0,0,0
1538,271,11,4,2,0,1,1
1539,271,11,4,2,0,0,0
1540,271,11,4,2,0,0,0
1541,271,11,4,2,0,0,0
1542,271,11,4,2,1,0,0
1543,271,11,4,2,0,0,0
1544,271,11,4,2,1,1,0
1545,271,11,4,2,0,0,0
1546,271,11,4,2,0,0,0
1547,271,11,4,2,0,0,0
1548,271,11,4,2,0,0,0
1549,271,11,4,2,0,0,0
1550,271,11,4,2,0,0,0
1551,271,11,4,2,0,0,0
1552,271,11,4,2,0,0,0
1553,271,11,4,2,0,0,0
1554,271,11,4,2,0,0,0
1555,271,11,4,2,0,0,0
1556,271,11,4,2,0,0,0
1557,271,11,4,2,0,0,0
1558,271,11,4,2,0,0,0
1559,271,11,4,2,0,0,0
1560,280,4,2,1,0,0,0
1561,280,4,2,1,0,0,0
1562,280,4,2,1,1,0,0
1563,280,4,2,1,0,0,0
1564,280,4,2,1,0,0,0
1565,280,4,2,1,0,0,0
1566,280,4,2,1,0,0,0
1567,280,4,2,1,0,0,0
1568,280,4,2,1,0,0,0
1569,280,4,2,1,1,0,0
1570,280,4,2,1,0,0,0
1571,280,4,2,1,1,0,0
1572,280,4,2,1,0,0,0
1573,280,4,2,1,0,1,1
1574,280,4,2,1,0,0,0
1575,280,4,2,1,0,0,0
1576,280,4,2,1,0,0,0
1577,280,4,2,1,0,0,0
1578,280,4,2,1,0,0,0
1579,280,4,2,1,0,0,0
1580,280,4,2,1,0,0,0
1581,280,4,2,1,0,0,0
1582,280,4,2,1,0,0,0
1583,280,4,2,1,0,0,0
1584,280,4,2,1,1,0,0
1585,280,4,2,1,0,0,0
1586,273,6,2,1,0,0,0
1587,273,6,2,1,0,0,0
1588,273,6,2,1,0,0,0
1589,280,4,2,1,0,0,0
1590,280,4,2,1,0,0,0
1591,280,4,2,1,0,1,0
1592,280,4,2,1,0,0,0
1593,280,4,2,1,0,0,0
1594,273,6,2,1,1,0,0
1595,273,6,2,1,0,0,0
1596,280,4,2,1,0,0,0
1597,280,4,2,1,0,0,0
1598,280,4,2,1,0,0,0
1599,271,11,4,2,0,0,0
1600,271,11,4,2,0,0,0
1601,271,11,4,2,0,0,0
1602,271,11,4,2,0,0,0
1603,271,11,4,2,0,0,0
1604,271,11,4,2,0,0,0
1605,271,11,4,2,0,0,0
1606,271,11,4,2,1,0,0
1607,271,11,4,2,1,0,0
1608,271,11,4,2,1,0,0
1609,271,11,4,2,0,0,0
1610,271,11,4,2,1,0,0
1611,271,11,4,2,0,0,0
1612,271,11,4,2,0,0,0
1613,271,11,4,2,0,0,0
1614,271,11,4,2,0,0,0
1615,271,11,4,2,0,0,0
1616,271,11,4,2,1,1,1
1617,271,11,4,2,0,0,0
1618,271,11,4,2,1,1,0
1619,271,11,4,2,0,0,0
1620,271,11,4,2,0,0,0
1621,271,11,4,2,1,0,0
1622,271,11,4,2,0,0,0
1623,271,11,4,2,0,0,0
1624,271,11,4,2,0,0,0
1625,271,11,4,2,0,0,0
1626,271,11,4,2,0,0,0
1627,271,11,4,2,0,0,0
1628,271,11,4,2,0,0,0
1629,271,11,4,2,0,0,0
1630,271,11,4,2,0,0,0
1631,271,11,4,2,0,0,0
1632,271,11,4,2,0,0,0
1633,271,11,4,2,0,0,0
1634,271,11,4,2,1,0,0
1635,271,11,4,2,0,0,0
1636,271,11,4,2,0,0,0
1637,272,6,3,2,0,0,0
1638,272,6,3,2,0,0,0
1639,272,6,3,2,0,1,1
1640,272,6,3,2,0,0,0
1641,270,6,3,1,0,0,0
1642,270,6,3,1,0,0,0
1643,272,6,3,2,0,0,0
1644,272,6,3,2,0,0,0
1645,272,6,3,2,1,0,0
1646,272,6,3,2,0,0,0
1647,272,6,3,2,0,0,0
1648,272,6,3,2,0,0,0
1649,272,6,3,2,0,0,0
1650,272,6,3,2,0,1,1
1651,272,6,3,2,0,0,0
1652,276,6,2,1,0,0,0
1653,272,6,3,2,1,0,0
1654,276,6,2,1,0,0,0
1655,272,6,3,2,0,0,0
1656,272,6,3,2,0,0,0
1657,272,6,3,2,0,0,0
1658,272,6,3,2,0,0,0
1659,272,6,3,2,0,0,0
1660,272,6,3,2,0,0,0
1661,272,6,3,2,0,0,0
1662,272,6,3,2,0,0,0
1663,272,6,3,2,0,0,0
1664,272,6,3,2,0,0,0
1665,272,6,3,2,0,0,0
1666,272,6,3,2,0,0,0
1667,272,6,3,2,0,0,0
1668,272,6,3,2,0,0,0
1669,272,6,3,2,0,0,0
1670,272,6,3,2,1,0,0
1671,272,6,3,2,0,0,0
1672,272,6,3,2,0,0,0
1673,272,6,3,2,0,0,0
1674,272,6,3,2,1,1,0
1675,272,6,3,2,0,0,0
1676,272,6,3,2,0,0,0
1677,272,6,3,2,0,0,0
1678,272,6,3,2,0,0,0
1679,272,6,3,2,0,0,0
1680,272,6,3,2,1,0,0
1681,272,6,3,2,0,0,0
1682,272,6,3,2,0,0,0
1683,272,6,3,2,0,0,0
1684,272,6,3,2,1,0,0
1685,272,6,3,2,0,0,0
1686,272,6,3,2,0,0,0
1687,272,6,3,2,0,0,0
1688,272,6,3,2,0,0,0
1689,272,6,3,2,0,0,0
1690,272,6,3,2,0,0,0
1691,272,6,3,2,0,0,0
1692,621,6,4,2,0,0,0
1693,621,6,4,2,0,0,0
1694,621,6,4,2,0,0,0
1695,621,6,4,2,0,0,0
1696,621,6,4,2,0,0,0
1697,621,6,4,2,1,0,0
1698,621,6,4,2,0,0,0
1699,621,6,4,2,0,0,0
1700,621,6,4,2,0,0,0
1701,621,6,4,2,1,0,0
1702,621,6,4,2,0,0,0
1703,621,6,4,2,0,0,0
1704,621,6,4,2,0,0,0
1705,621,6,4,2,0,0,0
1706,621,6,4,2,0,0,0
1707,621,6,4,2,0,0,0
1708,621,6,4,2,0,0,0
1709,621,6,4,2,0,0,0
1710,621,6,4,2,0,0,0
1711,621,6,4,2,0,0,0
1712,621,6,4,2,0,0,0
1713,621,6,4,2,0,1,1
1714,621,6,4,2,1,0,0
1715,621,6,4,2,0,0,0
1716,621,6,4,2,0,0,0
1717,621,6,4,2,0,0,0
1718,621,6,4,2,0,0,0
1719,621,6,4,2,0,0,0
1720,621,6,4,2,0,0,0
1721,621,6,4,2,0,0,0
1722,621,6,4,2,0,0,0
1723,282,1,1,1,0,0,0
1724,282,1,1,1,0,0,0
1725,282,1,1,1,0,0,0
1726,621,6,4,2,1,0,0
1727,621,6,4,2,0,0,0
1728,621,6,4,2,0,1,0
1729,621,6,4,2,0,0,0
1730,621,6,4,2,0,0,0
1731,621,6,4,2,0,0,0
1732,621,6,4,2,0,0,0
1733,621,6,4,2,0,0,0
1734,621,6,4,2,0,0,0
1735,621,6,4,2,0,0,0
1736,621,6,4,2,1,0,0
1737,621,6,4,2,0,1,1
1738,621,6,4,2,0,0,0
1739,621,6,4,2,0,0,0
1740,621,6,4,2,0,0,0
1741,621,6,4,2,1,0,0
1742,623,7,3,2,0,0,0
1743,621,6,4,2,0,0,0
1744,621,6,4,2,0,0,0
1745,621,6,4,2,0,0,0
1746,621,6,4,2,0,0,0
1747,621,6,4,2,0,0,0
1748,621,6,4,2,0,0,0
1749,621,6,4,2,0,0,0
1750,621,6,4,2,0,0,0
1751,621,6,4,2,0,0,0
1752,621,6,4,2,0,0,0
1753,621,6,4,2,0,0,0
1754,621,6,4,2,0,0,0
1755,621,6,4,2,0,0,0
1756,621,6,4,2,0,0,0
1757,621,6,4,2,0,1,0
1758,621,6,4,2,0,0,0
1759,621,6,4,2,0,0,0
1760,624,8,5,4,0,0,0
1761,624,8,5,4,0,0,0
1762,624,8,5,4,0,1,1
1763,624,8,5,4,0,0,0
1764,624,8,5,4,1,0,0
1765,624,8,5,4,0,0,0
1766,624,8,5,4,0,0,0
1767,624,8,5,4,0,0,0
1768,624,8,5,4,0,0,0
1769,624,8,5,4,0,0,0
1770,624,8,5,4,1,0,0
1771,624,8,5,4,0,0,0
1772,624,8,5,4,0,0,0
1773,624,8,5,4,0,0,0
1774,624,8,5,4,0,0,0
1775,624,8,5,4,0,0,0
1776,624,8,5,4,0,1,1
1777,624,8,5,4,0,0,0
1778,624,8,5,4,0,0,0
1779,624,8,5,4,1,0,0
1780,624,8,5,4,1,0,0
1781,624,8,5,4,0,0,0
1782,624,8,5,4,0,0,0
1783,624,8,5,4,0,0,0
1784,624,8,5,4,0,0,0
1785,624,8,5,4,0,0,0
1786,624,8,5,4,0,0,0
1787,624,8,5,4,1,0,0
1788,624,8,5,4,0,0,0
1789,624,8,5,4,0,1,0
1790,624,8,5,4,1,0,0
1791,624,8,5,4,0,0,0
1792,624,8,5,4,0,0,0
1793,624,8,5,4,0,0,0
1794,624,8,5,4,0,0,0
1795,624,8,5,4,0,0,0
1796,624,8,5,4,0,0,0
1797,624,8,5,4,1,0,0
1798,624,8,5,4,0,0,0
1799,624,8,5,4,0,1,1
1800,624,8,5,4,0,1,1
1801,624,8,5,4,0,0,0
1802,622,9,5,2,0,0,0
1803,622,9,5,2,0,0,0
1804,622,9,5,2,0,0,0
1805,622,9,5,2,0,0,0
1806,622,9,5,2,0,0,0
1807,622,9,5,2,0,0,0
1808,622,9,5,2,0,0,0
1809,622,9,5,2,0,0,0
1810,622,9,5,2,0,0,0
1811,623,7,3,2,0,0,0
1812,623,7,3,2,1,0,0
1813,623,7,3,2,0,0,0
1814,623,7,3,2,0,0,0
1815,622,9,5,2,0,0,0
1816,622,9,5,2,0,0,0
1817,622,9,5,2,0,0,0
1818,622,9,5,2,0,0,0
1819,622,9,5,2,1,1,1
1820,622,9,5,2,0,0,0
1821,622,9,5,2,0,0,0
1822,622,9,5,2,1,0,0
1823,622,9,5,2,0,1,0
1824,622,9,5,2,1,0,0
1825,622,9,5,2,0,0,0
1826,622,9,5,2,0,0,0
1827,622,9,5,2,0,0,0
1828,622,9,5,2,0,1,0
1829,622,9,5,2,0,0,0
1830,622,9,5,2,0,0,0
1831,622,9,5,2,1,0,0
1832,622,9,5,2,0,0,0
1833,622,9,5,2,0,0,0
1834,622,9,5,2,0,0,0
1835,622,9,5,2,0,0,0
1836,623,7,3,2,0,0,0
1837,623,7,3,2,0,0,0
1838,623,7,3,2,1,0,0
1839,623,7,3,2,0,1,0
1840,623,7,3,2,0,0,0
1841,623,7,3,2,0,0,0
1842,623,7,3,2,1,0,0
1843,623,7,3,2,0,0,0
1844,623,7,3,2,0,0,0
1845,623,7,3,2,0,0,0
1846,623,7,3,2,0,0,0
1847,623,7,3,2,0,0,0
1848,623,7,3,2,0,0,0
1849,623,7,3,2,0,0,0
1850,623,7,3,2,0,0,0
1851,623,7,3,2,0,0,0
1852,623,7,3,2,0,0,0
1853,623,7,3,2,0,1,1
1854,623,7,3,2,0,0,0
1855,623,7,3,2,0,0,0
1856,623,7,3,2,0,0,0
1857,621,6,4,2,0,0,0
1858,621,6,4,2,0,0,0
1859,621,6,4,2,0,0,0
1860,623,7,3,2,0,0,0
1861,623,7,3,2,0,0,0
1862,623,7,3,2,0,0,0
1863,623,7,3,2,0,0,0
1864,621,6,4,2,0,0,0
1865,621,6,4,2,0,0,0
1866,621,6,4,2,0,0,0
1867,621,6,4,2,0,0,0
1868,621,6,4,2,0,0,0
1869,623,7,3,2,0,0,0
1870,623,7,3,2,0,0,0
1871,623,7,3,2,0,0,0
1872,623,7,3,2,0,0,0
1873,623,7,3,2,0,1,1
1874,623,7,3,2,0,0,0
1875,623,7,3,2,0,0,0
1876,623,7,3,2,1,0,0
1877,623,7,3,2,0,0,0
1878,623,7,3,2,0,0,0
1879,623,7,3,2,0,0,0
1880,623,7,3,2,0,0,0
1881,623,7,3,2,0,0,0
1882,623,7,3,2,0,0,0
1883,623,7,3,2,1,0,0
1884,623,7,3,2,0,0,0
1885,623,7,3,2,1,0,0
1886,623,7,3,2,0,0,0
1887,623,7,3,2,0,0,0
1888,623,7,3,2,0,0,0
1889,623,7,3,2,0,0,0
1890,623,7,3,2,0,0,0
1891,623,7,3,2,0,0,0
1892,623,7,3,2,1,0,0
1893,623,7,3,2,0,0,0
1894,623,7,3,2,0,0,0
1895,623,7,3,2,0,0,0
1896,623,7,3,2,0,0,0
1897,625,49,32,19,0,0,0
1898,625,49,32,19,1,1,0
1899,625,49,32,19,0,1,0
1900,623,7,3,2,0,0,0
1901,625,49,32,19,0,0,0
1902,625,49,32,19,0,0,0
1903,625,49,32,19,0,0,0
1904,625,49,32,19,0,1,1
1905,625,49,32,19,1,1,0
1906,625,49,32,19,0,0,0
1907,625,49,32,19,0,0,0
1908,625,49,32,19,0,0,0
1909,625,49,32,19,0,0,0
1910,625,49,32,19,0,0,0
1911,625,49,32,19,0,1,1
1912,625,49,32,19,0,0,0
1913,625,49,32,19,0,0,0
1914,625,49,32,19,0,0,0
1915,625,49,32,19,0,1,1
1916,625,49,32,19,1,1,0
1917,625,49,32,19,1,1,1
1918,625,49,32,19,0,1,1
1919,625,49,32,19,0,0,0
1920,623,7,3,2,0,0,0
1921,625,49,32,19,0,0,0
1922,625,49,32,19,1,0,0
1923,625,49,32,19,0,0,0
1924,625,49,32,19,0,0,0
1925,625,49,32,19,0,0,0
1926,625,49,32,19,0,0,0
1927,625,49,32,19,1,1,0
1928,625,49,32,19,1,0,0
1929,625,49,32,19,0,1,1
1930,625,49,32,19,0,0,0
1931,625,49,32,19,0,1,1
1932,625,49,32,19,0,0,0
1933,625,49,32,19,0,0,0
1934,625,49,32,19,0,0,0
1935,625,49,32,19,1,0,0
1936,625,49,32,19,0,0,0
1937,625,49,32,19,1,0,0
1938,625,49,32,19,0,0,0
1939,625,49,32,19,0,0,0
1940,625,49,32,19,0,0,0
1941,625,49,32,19,1,1,0
1942,625,49,32,19,0,0,0
1943,625,49,32,19,0,0,0
1944,625,49,32,19,0,0,0
1945,625,49,32,19,0,0,0
1946,625,49,32,19,1,0,0
1947,625,49,32,19,1,0,0
1948,625,49,32,19,1,0,0
1949,625,49,32,19,0,1,1
1950,625,49,32,19,0,0,0
1951,625,49,32,19,0,0,0
1952,625,49,32,19,1,0,0
1953,625,49,32,19,0,0,0
1954,625,49,32,19,0,1,0
1955,625,49,32,19,0,0,0
1956,625,49,32,19,0,0,0
1957,625,49,32,19,0,0,0
1958,625,49,32,19,1,0,0
1959,625,49,32,19,0,0,0
1960,625,49,32,19,0,1,1
1961,625,49,32,19,0,0,0
1962,625,49,32,19,1,1,1
1963,625,49,32,19,0,1,1
1964,625,49,32,19,1,0,0
1965,625,49,32,19,0,0,0
1966,625,49,32,19,1,1,0
1967,625,49,32,19,0,0,0
1968,625,49,32,19,1,0,0
1969,625,49,32,19,0,0,0
1970,625,49,32,19,1,0,0
1971,625,49,32,19,0,0,0
1972,625,49,32,19,0,0,0
1973,625,49,32,19,0,0,0
1974,625,49,32,19,0,0,0
1975,625,49,32,19,0,0,0
1976,625,49,32,19,0,0,0
1977,625,49,32,19,1,0,0
1978,625,49,32,19,0,0,0
1979,625,49,32,19,0,0,0
1980,625,49,32,19,0,1,1
1981,625,49,32,19,1,0,0
1982,625,49,32,19,0,0,0
1983,625,49,32,19,1,0,0
1984,625,49,32,19,1,1,0
1985,622,9,5,2,0,0,0
1986,622,9,5,2,0,0,0
1987,625,49,32,19,0,0,0
1988,622,9,5,2,0,0,0
1989,625,49,32,19,0,0,0
1990,625,49,32,19,1,0,0
1991,625,49,32,19,1,0,0
1992,625,49,32,19,0,0,0
1993,625,49,32,19,0,0,0
1994,625,49,32,19,0,0,0
1995,625,49,32,19,0,0,0
1996,625,49,32,19,1,1,0
1997,625,49,32,19,0,1,1
1998,625,49,32,19,0,0,0
1999,625,49,32,19,0,0,0
2000,625,49,32,19,0,0,0
2001,625,49,32,19,0,0,0
2002,625,49,32,19,0,0,0
2003,625,49,32,19,0,0,0
2004,625,49,32,19,0,0,0
2005,625,49,32,19,0,0,0
2006,625,49,32,19,0,0,0
2007,625,49,32,19,0,0,0
2008,625,49,32,19,0,0,0
2009,625,49,32,19,0,0,0
2010,625,49,32,19,0,0,0
2011,625,49,32,19,0,0,0
2012,625,49,32,19,0,0,0
2013,625,49,32,19,0,0,0
2014,625,49,32,19,0,0,0
2015,625,49,32,19,0,0,0
2016,625,49,32,19,1,0,0
2017,625,49,32,19,0,0,0
2018,625,49,32,19,0,0,0
2019,625,49,32,19,0,0,0
2020,625,49,32,19,0,0,0
2021,625,49,32,19,0,0,0
2022,625,49,32,19,0,0,0
2023,625,49,32,19,0,0,0
2024,625,49,32,19,1,0,0
2025,625,49,32,19,0,0,0
2026,625,49,32,19,0,0,0
2027,625,49,32,19,0,0,0
2028,625,49,32,19,1,0,0
2029,625,49,32,19,0,0,0
2030,625,49,32,19,0,0,0
2031,625,49,32,19,1,0,0
2032,625,49,32,19,1,0,0
2033,625,49,32,19,0,0,0
2034,625,49,32,19,0,0,0
2035,625,49,32,19,0,1,1
2036,625,49,32,19,1,0,0
2037,625,49,32,19,1,0,0
2038,625,49,32,19,0,0,0
2039,625,49,32,19,0,0,0
2040,625,49,32,19,0,1,1
2041,625,49,32,19,1,1,1
2042,625,49,32,19,0,0,0
2043,625,49,32,19,0,0,0
2044,625,49,32,19,0,0,0
2045,625,49,32,19,1,0,0
2046,625,49,32,19,0,0,0
2047,625,49,32,19,0,0,0
2048,625,49,32,19,0,0,0
2049,625,49,32,19,0,1,0
2050,625,49,32,19,0,0,0
2051,625,49,32,19,0,0,0
2052,625,49,32,19,1,0,0
2053,625,49,32,19,0,0,0
2054,625,49,32,19,0,0,0
2055,625,49,32,19,0,0,0
2056,625,49,32,19,0,0,0
2057,625,49,32,19,1,0,0
2058,625,49,32,19,0,0,0
2059,625,49,32,19,0,0,0
2060,625,49,32,19,0,0,0
2061,625,49,32,19,1,0,0
2062,625,49,32,19,0,0,0
2063,625,49,32,19,0,0,0
2064,625,49,32,19,0,0,0
2065,625,49,32,19,0,0,0
2066,625,49,32,19,1,0,0
2067,625,49,32,19,0,0,0
2068,625,49,32,19,0,0,0
2069,625,49,32,19,0,0,0
2070,625,49,32,19,1,0,0
2071,625,49,32,19,1,1,1
2072,625,49,32,19,0,0,0
2073,625,49,32,19,0,0,0
2074,625,49,32,19,0,0,0
2075,625,49,32,19,0,0,0
2076,625,49,32,19,1,0,0
2077,625,49,32,19,0,0,0
2078,625,49,32,19,0,1,1
2079,625,49,32,19,0,0,0
2080,625,49,32,19,1,0,0
2081,625,49,32,19,0,0,0
2082,625,49,32,19,0,0,0
2083,625,49,32,19,0,0,0
2084,625,49,32,19,0,0,0
2085,625,49,32,19,0,0,0
2086,625,49,32,19,1,0,0
2087,625,49,32,19,0,1,0
2088,625,49,32,19,0,0,0
2089,625,49,32,19,0,0,0
2090,625,49,32,19,1,0,0
2091,197,5,5,3,0,0,0
2092,197,5,5,3,0,1,0
2093,625,49,32,19,0,1,1
2094,197,5,5,3,0,0,0
2095,197,5,5,3,0,0,0
2096,197,5,5,3,0,0,0
2097,625,49,32,19,1,0,0
2098,625,49,32,19,0,0,0
2099,625,49,32,19,0,0,0
2100,625,49,32,19,0,0,0
2101,625,49,32,19,0,0,0
2102,625,49,32,19,0,1,0
2103,622,9,5,2,0,0,0
2104,622,9,5,2,1,0,0
2105,625,49,32,19,1,0,0
2106,625,49,32,19,0,0,0
2107,625,49,32,19,0,0,0
2108,625,49,32,19,0,0,0
2109,625,49,32,19,1,0,0
2110,622,9,5,2,0,0,0
2111,622,9,5,2,0,0,0
2112,622,9,5,2,0,0,0
2113,625,49,32,19,0,0,0
2114,622,9,5,2,0,0,0
2115,622,9,5,2,0,0,0
2116,720,5,3,1,0,0,0
2117,720,5,3,1,0,0,0
2118,720,5,3,1,0,0,0
2119,720,5,3,1,0,0,0
2120,720,5,3,1,1,0,0
2121,720,5,3,1,0,0,0
2122,720,5,3,1,0,0,0
2123,720,5,3,1,0,1,0
2124,720,5,3,1,0,0,0
2125,720,5,3,1,1,0,0
2126,720,5,3,1,0,0,0
2127,720,5,3,1,0,0,0
2128,720,5,3,1,0,0,0
2129,720,5,3,1,0,1,0
2130,720,5,3,1,0,0,0
2131,720,5,3,1,0,0,0
2132,720,5,3,1,0,0,0
2133,191,9,4,1,0,0,0
2134,191,9,4,1,0,0,0
2135,191,9,4,1,0,0,0
2136,191,9,4,1,1,0,0
2137,191,9,4,1,0,0,0
2138,191,9,4,1,0,0,0
2139,719,5,2,1,0,0,0
2140,719,5,2,1,0,0,0
2141,719,5,2,1,0,0,0
2142,719,5,2,1,1,0,0
2143,719,5,2,1,0,0,0
2144,191,9,4,1,0,0,0
2145,191,9,4,1,1,1,0
2146,191,9,4,1,0,0,0
2147,191,9,4,1,0,0,0
2148,191,9,4,1,1,0,0
2149,719,5,2,1,0,0,0
2150,719,5,2,1,0,0,0
2151,719,5,2,1,0,0,0
2152,719,5,2,1,0,0,0
2153,719,5,2,1,0,0,0
2154,719,5,2,1,1,0,0
2155,719,5,2,1,0,0,0
2156,719,5,2,1,1,0,0
2157,719,5,2,1,0,0,0
2158,719,5,2,1,0,0,0
2159,719,5,2,1,0,0,0
2160,719,5,2,1,0,0,0
2161,719,5,2,1,0,0,0
2162,720,5,3,1,0,0,0
2163,719,5,2,1,1,0,0
2164,720,5,3,1,0,0,0
2165,720,5,3,1,0,0,0
2166,720,5,3,1,1,0,0
2167,720,5,3,1,0,0,0
2168,720,5,3,1,0,0,0
2169,720,5,3,1,1,0,0
2170,720,5,3,1,0,0,0
2171,720,5,3,1,0,0,0
2172,720,5,3,1,0,0,0
2173,720,5,3,1,0,0,0
2174,720,5,3,1,1,0,0
2175,720,5,3,1,0,0,0
2176,720,5,3,1,0,1,1
2177,720,5,3,1,0,0,0
2178,717,1,1,1,0,0,0
2179,720,5,3,1,0,0,0
2180,720,5,3,1,0,0,0
2181,720,5,3,1,0,0,0
2182,720,5,3,1,0,0,0
2183,720,5,3,1,0,0,0
2184,720,5,3,1,0,0,0
2185,717,1,1,1,0,0,0
2186,720,5,3,1,0,0,0
2187,720,5,3,1,0,0,0
2188,717,1,1,1,0,0,0
2189,717,1,1,1,0,0,0
2190,717,1,1,1,0,0,0
2191,717,1,1,1,0,0,0
2192,717,1,1,1,0,0,0
2193,717,1,1,1,1,1,1
2194,717,1,1,1,0,0,0
2195,717,1,1,1,0,0,0
2196,716,2,1,1,0,0,0
2197,717,1,1,1,0,0,0
2198,717,1,1,1,0,0,0
2199,717,1,1,1,0,0,0
2200,717,1,1,1,0,0,0
2201,717,1,1,1,0,0,0
2202,717,1,1,1,0,0,0
2203,721,3,2,1,0,0,0
2204,721,3,2,1,0,0,0
2205,721,3,2,1,0,0,0
2206,721,3,2,1,0,0,0
2207,717,1,1,1,0,0,0
2208,716,2,1,1,0,0,0
2209,716,2,1,1,0,0,0
2210,716,2,1,1,0,0,0
2211,716,2,1,1,0,0,0
2212,716,2,1,1,1,1,1
2213,716,2,1,1,1,0,0
2214,716,2,1,1,0,0,0
2215,716,2,1,1,0,0,0
2216,716,2,1,1,0,0,0
2217,716,2,1,1,0,0,0
2218,716,2,1,1,0,0,0
2219,716,2,1,1,0,0,0
2220,716,2,1,1,0,0,0
2221,721,3,2,1,0,0,0
2222,721,3,2,1,1,0,0
2223,721,3,2,1,0,1,0
2224,721,3,2,1,0,0,0
2225,721,3,2,1,1,0,0
2226,721,3,2,1,0,1,1
2227,721,3,2,1,0,0,0
2228,721,3,2,1,0,0,0
2229,721,3,2,1,0,0,0
2230,721,3,2,1,0,0,0
2231,717,1,1,1,0,0,0
2232,717,1,1,1,0,0,0
2233,717,1,1,1,0,0,0
2234,719,5,2,1,0,0,0
2235,719,5,2,1,0,0,0
2236,719,5,2,1,0,0,0
2237,721,3,2,1,0,0,0
2238,721,3,2,1,0,0,0
2239,721,3,2,1,0,0,0
2240,721,3,2,1,0,0,0
2241,194,8,5,2,0,0,0
2242,719,5,2,1,0,0,0
2243,719,5,2,1,0,0,0
2244,719,5,2,1,1,1,0
2245,719,5,2,1,0,1,1
2246,719,5,2,1,0,0,0
2247,719,5,2,1,0,0,0
2248,719,5,2,1,0,0,0
2249,719,5,2,1,0,0,0
2250,194,8,5,2,0,0,0
2251,194,8,5,2,0,0,0
2252,194,8,5,2,0,0,0
2253,194,8,5,2,0,0,0
2254,194,8,5,2,0,0,0
2255,194,8,5,2,0,0,0
2256,194,8,5,2,0,0,0
2257,194,8,5,2,0,0,0
2258,194,8,5,2,0,0,0
2259,721,3,2,1,1,0,0
2260,721,3,2,1,0,0,0
2261,194,8,5,2,0,0,0
2262,194,8,5,2,0,0,0
2263,194,8,5,2,0,0,0
2264,831,10,3,1,0,0,0
2265,831,10,3,1,0,0,0
2266,831,10,3,1,0,0,0
2267,831,10,3,1,0,1,0
2268,831,10,3,1,1,1,0
2269,831,10,3,1,0,0,0
2270,831,10,3,1,0,0,0
2271,831,10,3,1,0,0,0
2272,831,10,3,1,0,0,0
2273,831,10,3,1,0,0,0
2274,831,10,3,1,0,1,1
2275,831,10,3,1,1,0,0
2276,831,10,3,1,0,0,0
2277,831,10,3,1,0,0,0
2278,831,10,3,1,0,0,0
2279,831,10,3,1,0,0,0
2280,831,10,3,1,0,0,0
2281,831,10,3,1,0,0,0
2282,831,10,3,1,0,0,0
2283,831,10,3,1,0,0,0
2284,2144,2,2,2,0,0,0
2285,831,10,3,1,0,0,0
2286,831,10,3,1,1,0,0
2287,2144,2,2,2,0,0,0
2288,831,10,3,1,0,0,0
2289,831,10,3,1,0,0,0
2290,831,10,3,1,0,0,0
2291,831,10,3,1,0,0,0
2292,831,10,3,1,0,0,0
2293,831,10,3,1,0,0,0
2294,831,10,3,1,0,0,0
2295,831,10,3,1,0,0,0
2296,624,8,5,4,1,0,0
2297,831,10,3,1,1,0,0
2298,624,8,5,4,0,0,0
2299,624,8,5,4,0,0,0
2300,624,8,5,4,0,0,0
2301,832,2,1,1,0,0,0
2302,831,10,3,1,1,0,0
2303,834,9,5,2,0,0,0
2304,834,9,5,2,0,0,0
2305,834,9,5,2,0,0,0
2306,834,9,5,2,0,0,0
2307,834,9,5,2,1,0,0
2308,834,9,5,2,0,0,0
2309,834,9,5,2,0,0,0
2310,834,9,5,2,0,0,0
2311,834,9,5,2,0,0,0
2312,834,9,5,2,0,0,0
2313,834,9,5,2,0,0,0
2314,834,9,5,2,0,0,0
2315,834,9,5,2,0,0,0
2316,834,9,5,2,0,0,0
2317,834,9,5,2,0,0,0
2318,834,9,5,2,0,0,0
2319,834,9,5,2,0,0,0
2320,834,9,5,2,0,0,0
2321,832,2,1,1,0,0,0
2322,832,2,1,1,0,0,0
2323,832,2,1,1,0,0,0
2324,832,2,1,1,0,0,0
2325,832,2,1,1,0,0,0
2326,624,8,5,4,0,0,0
2327,832,2,1,1,0,0,0
2328,832,2,1,1,0,0,0
2329,832,2,1,1,0,0,0
2330,832,2,1,1,1,0,0
2331,832,2,1,1,0,1,1
2332,832,2,1,1,0,0,0
2333,834,9,5,2,0,0,0
2334,834,9,5,2,0,0,0
2335,834,9,5,2,0,0,0
2336,834,9,5,2,0,0,0
2337,832,2,1,1,0,0,0
2338,832,2,1,1,1,0,0
2339,832,2,1,1,0,0,0
2340,832,2,1,1,0,0,0
2341,622,9,5,2,0,0,0
2342,622,9,5,2,0,0,0
2343,622,9,5,2,1,0,0
2344,622,9,5,2,0,0,0
2345,622,9,5,2,0,0,0
2346,622,9,5,2,0,0,0
2347,622,9,5,2,0,0,0
2348,622,9,5,2,0,0,0
2349,832,2,1,1,0,0,0
2350,834,9,5,2,0,0,0
2351,834,9,5,2,0,0,0
2352,834,9,5,2,0,0,0
2353,834,9,5,2,0,0,0
2354,834,9,5,2,1,0,0
2355,834,9,5,2,0,0,0
2356,834,9,5,2,1,0,0
2357,834,9,5,2,0,0,0
2358,834,9,5,2,0,0,0
2359,834,9,5,2,0,0,0
2360,834,9,5,2,0,0,0
2361,834,9,5,2,1,0,0
2362,834,9,5,2,0,0,0
2363,834,9,5,2,0,0,0
2364,834,9,5,2,0,0,0
2365,834,9,5,2,0,0,0
2366,834,9,5,2,1,1,1
2367,834,9,5,2,0,0,0
2368,834,9,5,2,0,0,0
2369,834,9,5,2,0,0,0
2370,834,9,5,2,0,0,0
2371,834,9,5,2,0,1,0
2372,834,9,5,2,0,0,0
2373,834,9,5,2,1,0,0
2374,834,9,5,2,0,0,0
2375,834,9,5,2,1,0,0
2376,834,9,5,2,0,0,0
2377,834,9,5,2,0,1,1
2378,834,9,5,2,0,0,0
2379,834,9,5,2,0,0,0
2380,834,9,5,2,0,0,0
2381,834,9,5,2,0,0,0
2382,834,9,5,2,0,0,0
2383,834,9,5,2,0,0,0
2384,834,9,5,2,1,1,0
2385,834,9,5,2,0,0,0
2386,834,9,5,2,0,0,0
2387,834,9,5,2,0,0,0
2388,834,9,5,2,0,0,0
2389,834,9,5,2,0,0,0
2390,622,9,5,2,0,0,0
2391,622,9,5,2,0,0,0
2392,622,9,5,2,0,0,0
2393,622,9,5,2,0,0,0
2394,622,9,5,2,0,0,0
2395,622,9,5,2,0,0,0
2396,622,9,5,2,0,0,0
2397,622,9,5,2,0,0,0
2398,622,9,5,2,1,1,0
2399,622,9,5,2,0,0,0
2400,622,9,5,2,1,0,0
2401,622,9,5,2,0,0,0
2402,622,9,5,2,0,0,0
2403,834,9,5,2,0,0,0
2404,834,9,5,2,0,0,0
2405,834,9,5,2,0,0,0
2406,834,9,5,2,0,0,0
2407,834,9,5,2,0,0,0
2408,834,9,5,2,0,0,0
2409,834,9,5,2,0,0,0
2410,834,9,5,2,0,1,0
2411,622,9,5,2,0,0,0
2412,622,9,5,2,0,0,0
2413,622,9,5,2,0,0,0
2414,622,9,5,2,1,1,1
2415,622,9,5,2,0,0,0
2416,833,14,9,4,0,1,0
2417,833,14,9,4,1,1,0
2418,833,14,9,4,0,0,0
2419,833,14,9,4,0,0,0
2420,833,14,9,4,0,0,0
2421,833,14,9,4,0,0,0
2422,833,14,9,4,1,0,0
2423,833,14,9,4,1,1,1
2424,833,14,9,4,0,0,0
2425,833,14,9,4,0,0,0
2426,833,14,9,4,0,0,0
2427,622,9,5,2,0,0,0
2428,622,9,5,2,0,0,0
2429,834,9,5,2,0,0,0
2430,833,14,9,4,0,0,0
2431,833,14,9,4,0,0,0
2432,833,14,9,4,0,0,0
2433,833,14,9,4,0,1,1
2434,833,14,9,4,1,0,0
2435,833,14,9,4,0,0,0
2436,833,14,9,4,1,1,0
2437,833,14,9,4,0,0,0
2438,833,14,9,4,0,0,0
2439,833,14,9,4,0,0,0
2440,834,9,5,2,0,0,0
2441,833,14,9,4,1,0,0
2442,834,9,5,2,0,0,0
2443,834,9,5,2,0,0,0
2444,834,9,5,2,0,0,0
2445,834,9,5,2,0,0,0
2446,834,9,5,2,0,0,0
2447,834,9,5,2,0,0,0
2448,834,9,5,2,0,0,0
2449,834,9,5,2,1,0,0
2450,834,9,5,2,0,0,0
2451,834,9,5,2,0,0,0
2452,834,9,5,2,0,0,0
2453,833,14,9,4,0,0,0
2454,833,14,9,4,0,0,0
2455,833,14,9,4,0,0,0
2456,833,14,9,4,0,1,1
2457,833,14,9,4,0,0,0
2458,833,14,9,4,1,1,1
2459,833,14,9,4,1,1,0
2460,833,14,9,4,0,0,0
2461,200,4,3,2,0,0,0
2462,200,4,3,2,0,0,0
2463,200,4,3,2,0,0,0
2464,833,14,9,4,0,0,0
2465,833,14,9,4,0,0,0
2466,833,14,9,4,0,0,0
2467,833,14,9,4,1,0,0
2468,833,14,9,4,0,0,0
2469,833,14,9,4,0,0,0
2470,833,14,9,4,1,0,0
2471,833,14,9,4,0,0,0
2472,833,14,9,4,0,0,0
2473,833,14,9,4,0,0,0
2474,833,14,9,4,1,0,0
2475,833,14,9,4,0,0,0
2476,833,14,9,4,0,0,0
2477,833,14,9,4,0,0,0
2478,833,14,9,4,1,0,0
2479,833,14,9,4,0,1,0
2480,833,14,9,4,0,0,0
2481,833,14,9,4,1,0,0
2482,833,14,9,4,1,0,0
2483,833,14,9,4,0,0,0
2484,833,14,9,4,0,0,0
2485,833,14,9,4,0,0,0
2486,831,10,3,1,0,0,0
2487,831,10,3,1,0,0,0
2488,831,10,3,1,0,0,0
2489,831,10,3,1,1,0,0
2490,831,10,3,1,0,0,0
2491,831,10,3,1,0,0,0
2492,831,10,3,1,0,0,0
2493,2144,2,2,2,0,0,0
2494,2144,2,2,2,0,0,0
2495,2144,2,2,2,0,0,0
2496,2144,2,2,2,1,1,1
2497,2144,2,2,2,0,0,0
2498,2144,2,2,2,0,0,0
2499,2144,2,2,2,0,0,0
2500,2144,2,2,2,0,0,0
2501,323,1,1,1,1,1,1
2502,2144,2,2,2,0,0,0
2503,2144,2,2,2,0,0,0
2504,2144,2,2,2,1,0,0
2505,2144,2,2,2,0,0,0
2506,2144,2,2,2,0,0,0
2507,2144,2,2,2,0,0,0
2508,2144,2,2,2,0,0,0
2509,2144,2,2,2,0,1,1
2510,139,1,1,1,0,0,0
2511,911,3,3,1,0,0,0
2512,911,3,3,1,0,0,0
2513,139,1,1,1,0,0,0
2514,138,1,1,1,0,0,0
2515,138,1,1,1,0,0,0
2516,138,1,1,1,0,0,0
2517,138,1,1,1,1,1,1
2518,138,1,1,1,0,0,0
2519,138,1,1,1,0,0,0
2520,138,1,1,1,0,0,0
2521,138,1,1,1,0,0,0
2522,138,1,1,1,0,0,0
2523,138,1,1,1,0,0,0
2524,138,1,1,1,0,0,0
2525,138,1,1,1,0,0,0
2526,139,1,1,1,0,0,0
2527,139,1,1,1,0,0,0
2528,139,1,1,1,1,1,1
2529,138,1,1,1,0,0,0
2530,138,1,1,1,0,0,0
2531,477,1,1,1,0,0,0
2532,477,1,1,1,0,0,0
2533,477,1,1,1,0,0,0
2534,314,1,1,1,0,0,0
2535,911,3,3,1,0,0,0
2536,911,3,3,1,0,0,0
2537,477,1,1,1,0,0,0
2538,15,3,2,1,0,0,0
2539,15,3,2,1,0,0,0
2540,15,3,2,1,0,0,0
2541,911,3,3,1,0,0,0
2542,15,3,2,1,0,0,0
2543,911,3,3,1,0,0,0
2544,911,3,3,1,0,1,0
2545,911,3,3,1,1,1,0
2546,911,3,3,1,1,0,0
2547,911,3,3,1,1,1,1
2548,911,3,3,1,0,0,0
2549,911,3,3,1,0,0,0
2550,911,3,3,1,0,0,0
2551,911,3,3,1,0,0,0
2552,911,3,3,1,0,0,0
2553,314,1,1,1,0,0,0
2554,314,1,1,1,1,1,1
2555,742,2,1,1,1,1,1
2556,742,2,1,1,0,0,0
2557,742,2,1,1,0,0,0
2558,742,2,1,1,0,0,0
2559,742,2,1,1,1,0,0
2560,726,1,1,1,0,0,0
2561,726,1,1,1,0,0,0
2562,726,1,1,1,0,0,0
2563,726,1,1,1,1,1,1
2564,726,1,1,1,0,0,0
2565,726,1,1,1,0,0,0
2566,726,1,1,1,0,0,0
2567,726,1,1,1,0,0,0
2568,726,1,1,1,0,0,0
2569,726,1,1,1,0,0,0
2570,726,1,1,1,0,0,0
2571,742,2,1,1,0,0,0
2572,742,2,1,1,0,0,0
2573,742,2,1,1,0,0,0
2574,727,2,1,1,0,0,0
2575,727,2,1,1,0,0,0
2576,882,2,2,1,0,0,0
2577,727,2,1,1,1,1,1
2578,727,2,1,1,0,0,0
2579,727,2,1,1,1,0,0
2580,727,2,1,1,0,0,0
2581,727,2,1,1,0,0,0
2582,728,7,6,4,0,0,0
2583,728,7,6,4,1,1,1
2584,728,7,6,4,0,0,0
2585,728,7,6,4,1,0,0
2586,728,7,6,4,0,0,0
2587,728,7,6,4,0,0,0
2588,728,7,6,4,0,0,0
2589,728,7,6,4,1,1,1
2590,728,7,6,4,0,0,0
2591,477,1,1,1,0,0,0
2592,727,2,1,1,0,0,0
2593,728,7,6,4,0,0,0
2594,728,7,6,4,0,0,0
2595,728,7,6,4,0,0,0
2596,728,7,6,4,0,0,0
2597,728,7,6,4,1,1,1
2598,728,7,6,4,0,0,0
2599,477,1,1,1,0,0,0
2600,477,1,1,1,0,0,0
2601,477,1,1,1,1,1,1
2602,742,2,1,1,0,0,0
2603,876,1,1,1,0,0,0
2604,742,2,1,1,0,0,0
2605,876,1,1,1,0,0,0
2606,876,1,1,1,0,0,0
2607,876,1,1,1,0,0,0
2608,876,1,1,1,0,0,0
2609,876,1,1,1,0,0,0
2610,876,1,1,1,1,1,1
2611,876,1,1,1,0,0,0
2612,876,1,1,1,0,0,0
2613,466,1,1,1,0,0,0
2614,876,1,1,1,0,0,0
2615,876,1,1,1,0,0,0
2616,877,5,1,1,0,0,0
2617,877,5,1,1,0,0,0
2618,877,5,1,1,0,0,0
2619,877,5,1,1,0,0,0
2620,881,1,1,1,0,0,0
2621,881,1,1,1,1,1,1
2622,881,1,1,1,0,0,0
2623,881,1,1,1,0,0,0
2624,882,2,2,1,0,0,0
2625,882,2,2,1,0,0,0
2626,882,2,2,1,0,0,0
2627,466,1,1,1,1,1,1
2628,466,1,1,1,0,0,0
2629,466,1,1,1,0,0,0
2630,2687,2,1,1,0,0,0
2631,2687,2,1,1,0,0,0
2632,111,2,1,1,0,0,0
2633,879,1,1,1,0,0,0
2634,879,1,1,1,0,0,0
2635,879,1,1,1,1,1,1
2636,879,1,1,1,0,0,0
2637,879,1,1,1,0,0,0
2638,879,1,1,1,0,0,0
2639,877,5,1,1,0,0,0
2640,2687,2,1,1,0,0,0
2641,877,5,1,1,0,0,0
2642,2687,2,1,1,1,0,0
2643,2687,2,1,1,0,0,0
2644,877,5,1,1,1,0,0
2645,877,5,1,1,0,0,0
2646,2687,2,1,1,0,0,0
2647,2687,2,1,1,0,0,0
2648,2687,2,1,1,0,1,1
2649,877,5,1,1,0,0,0
2650,877,5,1,1,0,0,0
2651,877,5,1,1,1,0,0
2652,877,5,1,1,1,0,0
2653,877,5,1,1,1,1,1
2654,877,5,1,1,0,0,0
2655,877,5,1,1,0,0,0
2656,877,5,1,1,0,0,0
2657,877,5,1,1,0,0,0
2658,883,1,2,1,0,1,0
2659,883,1,2,1,0,0,0
2660,885,3,3,1,0,0,0
2661,877,5,1,1,1,0,0
2662,728,7,6,4,0,0,0
2663,728,7,6,4,1,0,0
2664,728,7,6,4,0,0,0
2665,885,3,3,1,0,0,0
2666,885,3,3,1,1,1,0
2667,728,7,6,4,0,0,0
2668,885,3,3,1,1,1,0
2669,728,7,6,4,0,0,0
2670,728,7,6,4,0,0,0
2671,882,2,2,1,0,0,0
2672,882,2,2,1,0,0,0
2673,882,2,2,1,0,0,0
2674,882,2,2,1,0,0,0
2675,882,2,2,1,0,0,0
2676,885,3,3,1,1,1,1
2677,885,3,3,1,0,0,0
2678,728,7,6,4,0,0,0
2679,882,2,2,1,1,0,0
2680,882,2,2,1,0,0,0
2681,882,2,2,1,1,1,1
2682,882,2,2,1,0,1,0
2683,423,1,1,1,0,0,0
2684,423,1,1,1,0,0,0
2685,423,1,1,1,0,0,0
2686,423,1,1,1,0,0,0
2687,2859,1,1,1,0,0,0
2688,2859,1,1,1,0,0,0
2689,2859,1,1,1,0,0,0
2690,2859,1,1,1,0,0,0
2691,424,1,1,1,0,0,0
2692,424,1,1,1,1,1,1
2693,424,1,1,1,0,0,0
2694,2687,2,1,1,1,0,0
2695,2859,1,1,1,0,0,0
2696,423,1,1,1,0,0,0
2697,423,1,1,1,0,0,0
2698,423,1,1,1,1,1,1
2699,2159,1,1,1,0,0,0
2700,2365,1,1,1,0,0,0
2701,2859,1,1,1,0,0,0
2702,2859,1,1,1,0,0,0
2703,2859,1,1,1,1,1,1
2704,2859,1,1,1,0,0,0
2705,2859,1,1,1,0,0,0
2706,2859,1,1,1,0,0,0
2707,2159,1,1,1,1,1,1
2708,2365,1,1,1,0,0,0
2709,2365,1,1,1,0,0,0
2710,2365,1,1,1,0,0,0
2711,2365,1,1,1,1,1,1
2712,2365,1,1,1,0,0,0
2713,2365,1,1,1,0,0,0
2714,2365,1,1,1,0,0,0
2715,2310,1,1,1,0,0,0
2716,2310,1,1,1,0,0,0
2717,2310,1,1,1,0,0,0
2718,2310,1,1,1,0,0,0
2719,2310,1,1,1,0,0,0
2720,2310,1,1,1,0,0,0
2721,2310,1,1,1,0,0,0
2722,2310,1,1,1,0,0,0
2723,2310,1,1,1,0,0,0
2724,2310,1,1,1,0,0,0
2725,2310,1,1,1,1,1,1
2726,2397,2,2,2,1,1,1
2727,716,2,1,1,0,0,0
2728,716,2,1,1,0,0,0
2729,108,2,1,1,1,0,0
2730,2310,1,1,1,0,0,0
2731,2397,2,2,2,0,0,0
2732,2859,1,1,1,0,0,0
2733,2859,1,1,1,0,0,0
2734,2310,1,1,1,0,0,0
2735,2397,2,2,2,0,0,0
2736,2397,2,2,2,0,0,0
2737,721,3,2,1,0,0,0
2738,2397,2,2,2,1,1,1
2739,2397,2,2,2,0,0,0
2740,2397,2,2,2,0,0,0
2741,391,1,1,1,0,0,0
2742,391,1,1,1,1,1,1
2743,392,1,1,1,0,0,0
2744,392,1,1,1,0,0,0
2745,394,1,1,1,0,0,0
2746,392,1,1,1,0,0,0
2747,392,1,1,1,1,1,1
2748,394,1,1,1,0,0,0
2749,394,1,1,1,0,0,0
2750,394,1,1,1,1,1,1
2751,721,3,2,1,0,0,0
2752,721,3,2,1,0,0,0
2753,721,3,2,1,0,0,0
2754,721,3,2,1,0,0,0
2755,721,3,2,1,0,0,0
2756,721,3,2,1,0,0,0
2757,508,1,1,1,1,1,1
2758,508,1,1,1,0,0,0
2759,508,1,1,1,0,0,0
2760,391,1,1,1,0,0,0
2761,2143,2,2,1,0,0,0
2762,2143,2,2,1,0,0,0
2763,2143,2,2,1,0,0,0
2764,2143,1,1,1,1,1,1
2765,721,3,2,1,0,0,0
2766,721,3,2,1,0,0,0
2767,394,1,1,1,0,0,0
2768,659,4,1,1,0,0,0
2769,394,1,1,1,0,0,0
2770,394,1,1,1,0,0,0
2771,656,2,1,1,0,0,0
2772,394,1,1,1,0,0,0
2773,656,2,1,1,0,0,0
2774,2143,2,2,1,0,0,0
2775,2143,2,2,1,1,1,0
2776,656,2,1,1,0,0,0
2777,656,2,1,1,0,0,0
2778,656,2,1,1,0,0,0
2779,656,2,1,1,0,0,0
2780,656,2,1,1,0,0,0
2781,659,4,1,1,0,0,0
2782,659,4,1,1,0,0,0
2783,659,4,1,1,0,0,0
2784,659,4,1,1,0,0,0
2785,656,2,1,1,0,0,0
2786,656,2,1,1,0,0,0
2787,656,2,1,1,1,1,1
2788,656,2,1,1,1,0,0
2789,656,2,1,1,0,0,0
2790,659,4,1,1,1,0,0
2791,659,4,1,1,0,0,0
2792,659,4,1,1,0,0,0
2793,659,4,1,1,1,1,1
2794,659,4,1,1,1,0,0
2795,659,4,1,1,0,0,0
2796,256,1,2,1,0,0,0
2797,256,1,2,1,0,0,0
2798,256,1,2,1,0,0,0
2799,256,1,2,1,1,1,0
2800,256,1,2,1,0,0,0
2801,256,1,2,1,0,0,0
2802,256,1,2,1,0,1,1
2803,256,1,2,1,0,0,0
2804,256,1,2,1,0,0,0
2805,256,1,2,1,0,0,0
2806,813,1,1,1,0,0,0
2807,813,1,1,1,0,0,0
2808,813,1,1,1,1,1,1
2809,195,1,1,1,0,0,0
2810,252,1,1,1,0,0,0
2811,252,1,1,1,0,0,0
2812,252,1,1,1,1,1,1
2813,252,1,1,1,0,0,0
2814,252,1,1,1,0,0,0
2815,2172,1,1,1,0,0,0
2816,2172,1,1,1,0,0,0
2817,2172,1,1,1,0,0,0
2818,252,1,1,1,0,0,0
2819,252,1,1,1,0,0,0
2820,252,1,1,1,0,0,0
2821,253,1,1,1,0,0,0
2822,2172,1,1,1,1,0,0
2823,2172,1,1,1,0,1,1
2824,2172,1,1,1,0,0,0
2825,2172,1,1,1,0,0,0
2826,2172,1,1,1,0,0,0
2827,255,1,1,1,0,0,0
2828,2805,1,1,1,0,0,0
2829,255,1,1,1,1,1,1
2830,2805,1,1,1,0,0,0
2831,2172,1,1,1,0,0,0
2832,2805,1,1,1,1,1,1
2833,2805,1,1,1,0,0,0
2834,2805,1,1,1,0,0,0
2835,2805,1,1,1,0,0,0
2836,253,1,1,1,1,1,1
2837,253,1,1,1,0,0,0
2838,253,1,1,1,0,0,0
2839,256,1,2,1,0,0,0
2840,256,1,2,1,0,0,0
2841,252,1,1,1,0,0,0
2842,12240,1,1,1,0,0,0
2843,12240,1,1,1,0,0,0
2844,12240,1,1,1,0,0,0
2845,12240,1,1,1,0,0,0
2846,4320,2,1,1,0,0,0
2847,4320,2,1,1,0,0,0
2848,12240,1,1,1,0,0,0
2849,4320,2,1,1,0,0,0
2850,4320,2,1,1,0,0,0
2851,4320,2,1,1,0,0,0
2852,4320,2,1,1,0,0,0
2853,4320,2,1,1,0,0,0
2854,4320,2,1,1,0,0,0
2855,4320,2,1,1,0,0,0
2856,4320,2,1,1,0,0,0
2857,11880,1,1,1,0,0,0
2858,11880,1,1,1,0,0,0
2859,4320,2,1,1,0,0,0
2860,11880,1,1,1,0,0,0
2861,11880,1,1,1,0,0,0
2862,11880,1,1,1,1,1,1
2863,14340,1,1,1,0,0,0
2864,4350,1,1,1,0,0,0
2865,4350,1,1,1,1,1,1
2866,14340,1,1,1,1,1,1
2867,14340,1,1,1,0,0,0
2868,4320,2,1,1,0,0,0
2869,4320,2,1,1,0,0,0
2870,4320,2,1,1,0,0,0
2871,4320,2,1,1,1,0,0
2872,4320,2,1,1,0,0,0
2873,4320,2,1,1,0,0,0
2874,4320,1,1,1,1,1,1
2875,12240,1,1,1,0,0,0
2876,12240,1,1,1,1,0,0
2877,12240,1,1,1,0,1,1
2878,13050,3,3,2,1,1,1
2879,13050,3,3,2,1,0,0
2880,13050,3,3,2,0,0,0
2881,13050,3,3,2,0,0,0
2882,13050,3,3,2,0,0,0
2883,13050,3,3,2,0,1,1
2884,13050,3,3,2,1,1,0
2885,13050,3,3,2,0,0,0
2886,13050,3,3,2,0,0,0
2887,13050,3,3,2,0,0,0
2888,13050,3,3,2,0,0,0
2889,13050,3,3,2,0,0,0
2890,13050,3,3,2,0,0,0
2891,13050,3,3,2,0,0,0
2892,14010,1,1,1,0,0,0
2893,14010,1,1,1,0,0,0
2894,14010,1,1,1,1,1,1
2895,14010,1,1,1,0,0,0
2896,14010,1,1,1,0,0,0
2897,14010,1,1,1,0,0,0
2898,6690,4,1,1,0,0,0
2899,6690,4,1,1,0,0,0
2900,6690,4,1,1,0,0,0
2901,6690,4,1,1,0,0,0
2902,6690,4,1,1,0,0,0
2903,10620,1,1,1,0,0,0
2904,10620,1,1,1,0,0,0
2905,10620,1,1,1,0,0,0
2906,10620,1,1,1,0,0,0
2907,10620,1,1,1,0,0,0
2908,10620,1,1,1,0,0,0
2909,10620,1,1,1,1,1,1
2910,10620,1,1,1,0,0,0
2911,10620,1,1,1,0,0,0
2912,10620,1,1,1,0,0,0
2913,10620,1,1,1,0,0,0
2914,10620,1,1,1,0,0,0
2915,5520,1,1,1,0,0,0
2916,5520,1,1,1,0,0,0
2917,5520,1,1,1,1,1,1
2918,2610,1,1,1,0,0,0
2919,10620,1,1,1,0,0,0
2920,300,1,1,1,0,0,0
2921,10620,1,1,1,0,0,0
2922,10620,1,1,1,0,0,0
2923,10620,1,1,1,0,0,0
2924,14010,1,1,1,0,0,0
2925,6690,4,1,1,0,0,0
2926,6690,4,1,1,0,0,0
2927,6690,4,1,1,1,0,0
2928,6690,4,1,1,1,0,0
2929,6690,4,1,1,0,0,0
2930,6690,4,1,1,1,0,0
2931,6690,4,1,1,0,0,0
2932,6690,4,1,1,0,0,0
2933,6690,4,1,1,0,0,0
2934,13050,3,3,2,0,0,0
2935,13050,3,3,2,0,0,0
2936,13050,3,3,2,0,0,0
2937,6690,4,1,1,0,0,0
2938,6690,4,1,1,0,0,0
2939,6690,4,1,1,0,0,0
2940,6690,4,1,1,1,1,1
2941,6690,4,1,1,0,0,0
2942,6690,4,1,1,0,0,0
2943,10620,1,1,1,0,0,0
2944,6060,2,1,1,0,0,0
2945,6060,2,1,1,0,0,0
2946,6060,2,1,1,0,0,0
2947,6060,2,1,1,0,0,0
2948,6060,2,1,1,1,0,0
2949,13050,3,3,2,0,0,0
2950,13050,3,3,2,0,0,0
2951,13050,3,3,2,0,0,0
2952,6060,2,1,1,0,0,0
2953,6060,2,1,1,0,0,0
2954,99720,1,1,1,0,0,0
2955,99720,1,1,1,0,0,0
2956,99720,1,1,1,0,0,0
2957,99720,1,1,1,0,0,0
2958,14340,1,1,1,0,0,0
2959,14340,1,1,1,0,0,0
2960,5520,1,1,1,0,0,0
2961,14340,1,1,1,0,0,0
2962,99720,1,1,1,0,0,0
2963,99720,1,1,1,0,0,0
2964,99720,1,1,1,1,1,1
2965,99720,1,1,1,0,0,0
2966,99720,1,1,1,0,0,0
2967,99720,1,1,1,0,0,0
2968,99720,1,1,1,0,0,0
2969,6060,2,1,1,0,0,0
2970,6060,1,1,1,1,1,1
2971,99720,1,1,1,0,0,0
2972,6060,2,1,1,0,0,0
2973,13230,2,1,1,0,0,0
2974,8280,1,1,1,0,0,0
2975,13230,2,1,1,0,0,0
2976,750,1,1,1,0,0,0
2977,13230,2,1,1,0,0,0
2978,13230,2,1,1,0,0,0
2979,750,1,1,1,0,0,0
2980,750,1,1,1,0,0,0
2981,13230,2,1,1,1,1,1
2982,13230,2,1,1,0,0,0
2983,750,1,1,1,0,0,0
2984,750,1,1,1,0,0,0
2985,750,1,1,1,1,1,1
2986,300,1,1,1,0,0,0
2987,15060,1,1,1,1,1,1
2988,750,1,1,1,0,0,0
2989,750,1,1,1,0,0,0
2990,750,1,1,1,0,0,0
2991,750,1,1,1,0,0,0
2992,750,1,1,1,0,0,0
2993,4860,1,1,1,0,0,0
2994,8280,1,1,1,0,0,0
2995,15060,1,1,1,0,0,0
2996,8280,1,1,1,0,0,0
2997,8280,1,1,1,0,0,0
2998,8280,1,1,1,1,1,1
2999,8280,1,1,1,0,0,0
3000,8280,1,1,1,0,0,0
3001,4860,1,1,1,0,0,0
3002,4860,1,1,1,0,0,0
3003,4860,1,1,1,1,1,1
3004,4860,1,1,1,0,0,0
3005,11160,1,1,1,0,0,0
3006,11160,1,1,1,0,0,0
3007,11160,1,1,1,0,0,0
3008,13230,2,1,1,1,0,0
3009,11160,1,1,1,0,0,0
3010,11160,1,1,1,0,0,0
3011,11160,1,1,1,1,1,1
3012,11160,1,1,1,0,0,0
3013,11160,1,1,1,0,0,0
3014,11160,1,1,1,0,0,0
3015,300,1,1,1,0,0,0
3016,300,1,1,1,0,0,0
3017,2610,1,1,1,0,0,0
3018,2610,1,1,1,0,0,0
3019,2610,1,1,1,0,0,0
3020,2610,1,1,1,1,1,1
3021,2580,1,1,1,0,0,0
3022,2580,1,1,1,1,1,1
3023,300,1,1,1,0,0,0
3024,300,1,1,1,0,0,0
3025,300,1,1,1,1,1,1
3026,300,1,1,1,0,0,0
3027,300,1,1,1,0,0,0
3028,300,1,1,1,0,0,0
3029,13230,2,1,1,0,0,0
3030,300,1,1,1,0,0,0
