A,B
1,54632
2,29402
2,54633
3,29331
3,29390
3,29395
4,29395
4,29404
4,29429
5,29431
5,29435
6,29419
7,54635
8,34946
9,34944
9,34946
10,34972
10,34981
11,34944
11,34956
11,34982
12,25220
12,34955
13,34976
13,34979
13,34986
14,34952
14,34958
14,34961
15,29321
15,29436
15,34330
16,29320
16,34676
17,34684
17,34688
17,34954
18,34687
18,34975
19,34672
20,25137
20,34669
21,29302
21,29303
22,29302
23,40413
24,29416
24,29420
25,29412
25,29421
26,28280
26,29414
27,40414
28,29263
29,28276
30,28276
30,28283
30,29380
31,29396
31,29399
32,29345
32,29348
32,50151
33,28284
33,28989
34,28282
34,29006
34,29392
35,28684
35,29263
35,29265
36,28675
36,28992
36,28993
37,28991
37,54629
37,54630
38,40485
39,28675
39,28945
40,40416
41,40415
42,28944
42,28945
43,28951
44,28954
45,28954
45,28977
46,28690
46,28974
47,29249
48,29249
49,40420
50,29243
50,29246
51,40418
51,40419
52,40418
53,29253
54,29231
54,29257
55,29229
56,29237
57,29239
57,29241
58,40428
59,28972
60,28967
60,40429
61,28949
62,28668
62,40740
62,55229
63,28972
64,29239
64,40741
65,4104
65,40741
66,40431
67,19844
68,50738
69,4778
69,4807
70,29126
71,28680
72,29256
73,28680
74,29270
75,40417
76,40421
77,29224
78,29305
79,29223
79,29308
80,29272
80,29279
81,40423
82,29272
82,40422
83,29207
83,29295
83,29296
84,25172
85,25172
86,25137
86,29223
87,40424
88,40425
89,40426
90,40427
91,40427
92,34663
92,34668
93,34647
93,40426
94,34662
94,34663
95,34649
95,40444
96,34653
97,40432
98,5118
98,40432
99,5236
99,29169
100,29210
101,29209
101,34449
101,34453
102,34458
102,34466
103,34463
104,25150
105,25177
105,34653
106,40444
107,34360
107,34659
108,34660
108,40443
109,40443
110,34437
110,34442
111,34575
111,34592
112,34364
112,34575
112,34639
113,34636
113,34639
113,34696
114,34666
114,34698
115,34630
115,34632
116,34718
117,34728
118,34378
118,34391
119,34693
119,34701
120,34367
121,34364
121,34695
122,34625
123,34368
124,34368
124,34885
125,34704
126,34388
126,34707
126,34877
127,34899
128,34877
128,34895
129,34884
129,34887
130,34875
131,34725
132,40484
133,34394
134,34723
135,34716
136,34310
136,54779
137,34942
137,34973
137,35003
138,34310
138,34326
138,34923
139,34327
139,34734
140,35007
140,35159
141,34996
141,35005
141,54636
142,34941
142,34996
143,40366
144,34928
144,35012
145,35152
145,35189
146,34324
146,35191
147,35193
147,40339
148,35180
148,35194
149,35153
149,35181
150,40339
151,34352
151,34906
152,34910
153,34335
153,34918
153,35408
154,35427
155,35432
156,35422
156,35425
157,35420
158,40452
159,34912
160,34323
161,35313
162,35316
163,35263
164,10013
164,40455
165,40454
165,54577
166,34799
166,40454
167,40453
168,34745
169,34850
170,9007
171,34755
172,34763
173,34762
174,8628
174,34762
175,8628
175,8759
176,8759
176,34755
177,8897
177,9038
178,9038
178,34745
179,34796
180,9511
181,34860
181,34862
181,54218
182,34793
182,34860
183,40451
184,34770
184,34772
185,34624
185,40450
186,34577
186,34624
187,34577
187,34579
188,18908
188,34581
189,40445
190,34566
191,54580
192,34568
193,34770
193,34781
194,34594
194,34770
195,34594
195,34621
195,54591
196,34599
196,54588
197,34376
197,34779
198,40511
199,34375
199,34543
200,34376
200,34501
200,34544
201,34528
201,34545
202,40449
203,34521
204,34399
205,34399
205,40447
206,40446
207,40445
207,50474
208,7070
208,7271
209,34477
210,6888
210,18908
211,34434
211,40448
212,40503
213,34407
214,34407
215,6423
215,34469
216,6423
216,34475
217,34439
217,34478
218,40441
219,40441
219,40442
220,40442
221,40505
222,40506
223,25171
224,5597
224,5694
225,5439
225,5597
226,40440
227,40433
228,40434
229,40435
230,40437
231,40433
231,40436
232,40438
233,29202
233,40439
234,40439
235,29198
235,29205
236,5694
236,5807
237,5697
238,5697
239,40504
240,5848
241,34410
242,40497
243,34427
244,40502
245,7043
245,40501
246,40500
247,40501
248,40508
249,40510
250,34515
251,34483
252,40499
253,34510
254,7141
254,40502
255,40498
256,34421
257,7336
258,7615
258,34513
259,7621
260,34396
261,31176
262,7626
263,31581
264,31176
265,7627
266,7650
267,54366
268,31399
269,6837
270,31334
271,40695
272,40696
273,54363
274,31553
274,31580
275,31553
275,31566
276,7277
277,31565
277,40523
278,7277
279,31391
279,31397
280,31391
281,40694
282,31389
283,7279
283,31177
284,19118
285,25746
285,54694
286,25699
286,25769
287,25770
287,25789
287,54696
288,25794
288,54695
289,25774
289,25787
290,40273
291,40272
291,40273
292,25819
292,40275
293,26332
293,26335
294,26330
295,40274
296,40269
296,40274
297,40269
298,40271
299,25776
300,25755
301,25728
302,25728
303,25761
303,25767
303,54733
304,25747
304,25776
305,25747
306,25759
306,40260
307,40260
308,25648
309,25575
310,40265
311,25640
312,25630
313,25626
313,25630
314,25629
314,54709
315,25675
316,25684
317,40263
318,25323
318,26288
319,25775
319,26292
320,40267
320,40270
321,40267
322,40268
323,26291
323,26296
324,26309
325,40266
326,26375
326,26377
327,26380
327,26383
328,26048
329,26047
330,26047
330,26384
331,26317
331,26385
332,26310
333,26044
333,26318
334,26045
334,26156
335,26044
336,26315
337,26315
338,26301
339,40264
340,25692
341,26150
341,26155
342,25672
343,25672
344,25670
344,50861
345,25670
345,26152
346,26106
347,25320
347,54728
348,26148
349,26107
349,26113
350,26110
351,26110
352,40259
353,26205
354,26179
354,54808
355,26107
355,26179
356,26156
356,26201
357,26199
357,26200
358,26200
359,26223
360,26224
360,54807
361,26235
362,26220
363,26203
364,26245
365,26242
366,3383
367,26255
368,26048
369,26396
370,40262
371,26374
372,26399
373,26375
374,26371
375,26397
376,26065
377,26995
378,40261
379,26036
379,26069
380,26032
381,26032
381,26063
382,26063
382,26564
383,26564
383,26566
384,26073
384,26609
385,26073
386,26566
386,26609
387,26069
388,26996
388,27010
389,26995
389,27009
390,26065
390,27016
391,26991
391,27030
392,26993
392,54868
393,27027
394,27030
395,3695
396,40338
397,9273
398,9273
399,31903
400,31903
401,40336
402,31618
403,40336
404,19633
404,19634
404,40337
405,9173
406,31820
407,9330
407,31820
408,31839
409,31065
409,31662
410,8662
410,8747
411,40335
412,9077
412,9121
413,31831
413,31837
414,31829
415,31821
416,9330
417,9569
417,31803
418,31803
419,40314
420,31905
420,40314
421,40312
422,31905
422,40312
423,9696
423,31905
424,40313
425,19659
425,19660
426,31960
427,31960
428,32906
429,32906
430,10000
431,19630
431,19666
432,10033
433,32910
434,40317
435,32808
436,40315
437,40315
438,9744
439,40316
440,9744
440,31859
441,31874
442,31874
443,32856
443,32870
443,32876
444,10094
445,32786
446,32894
447,10095
447,32814
448,32857
449,32857
450,9743
451,31805
451,31842
452,31805
453,32822
454,32823
455,32841
456,32823
456,32845
457,32814
457,40333
458,40333
459,32878
460,32828
460,32845
461,40332
462,29861
463,40331
464,40331
465,29851
466,10020
467,32833
468,32833
469,31849
470,31841
470,31849
471,31798
471,31819
472,9244
472,54525
473,9160
473,31671
474,31671
474,31686
475,54528
476,31655
476,54528
477,31654
478,19313
479,8186
480,8540
481,8540
481,8650
482,8650
482,8798
483,8939
483,31678
484,31651
484,31678
485,31677
486,8939
486,31675
487,31674
487,31690
488,31672
489,31808
490,31810
490,31811
491,31811
491,31841
492,29873
493,29873
494,31807
495,30699
496,9200
496,31814
497,8833
497,8938
498,31658
499,29903
500,54541
501,8942
501,30619
502,40321
503,40321
504,30637
504,30671
505,30530
505,30679
506,51509
506,51647
506,51692
507,30700
508,30694
509,40330
510,30665
510,30666
510,30685
511,30664
511,30712
511,40330
512,30669
513,29812
513,30712
514,29820
515,30709
516,40323
517,40323
518,40324
519,40322
520,40322
521,8381
521,40324
522,30620
523,29903
523,30619
524,30609
524,30627
524,30628
525,30609
526,8254
526,8381
527,8072
527,8263
528,8024
528,8072
529,8254
530,8015
531,40326
532,8043
532,40326
533,40327
534,40327
535,40329
536,8186
537,40328
538,8043
538,18322
539,7837
540,7837
541,7665
542,30449
543,30429
543,30436
544,30400
545,30433
546,40325
547,6475
548,6624
549,30257
550,30256
551,30228
552,30228
553,30403
553,30421
554,30413
554,30426
555,30468
556,30412
557,30245
557,30406
558,30242
558,30254
559,30102
559,30229
560,6798
560,30111
561,6798
562,6609
562,19334
563,6617
564,30210
565,5759
566,6105
566,30087
567,6105
568,5849
568,30087
569,26723
570,25227
571,5849
571,5851
571,5951
572,5951
573,30156
574,30156
575,6169
576,6169
577,5851
578,30141
579,26861
580,30131
581,30140
581,30146
581,30155
582,30155
582,30196
583,30126
584,30089
584,30130
585,30130
586,6896
587,30192
588,30198
589,30089
590,7585
591,7585
592,7764
593,40309
594,40310
595,30283
595,30323
596,30321
597,7581
598,7210
599,7762
600,30289
601,30282
601,30326
602,8068
603,8068
603,40308
604,30559
605,30561
605,30616
606,8622
607,8674
608,8555
609,40308
610,8063
611,8063
612,30349
613,30333
614,30371
615,30367
616,30369
617,30369
618,8550
618,30381
619,8550
620,30596
621,30606
622,9209
622,30532
622,30605
623,19283
623,30650
624,30535
624,30640
625,30639
625,30707
625,54560
626,30648
627,30644
628,30658
629,9209
630,30652
631,9057
631,30586
632,40319
633,9042
633,9057
634,30584
635,30579
635,30582
635,54557
636,30543
636,30569
636,54556
637,54916
638,54916
639,30500
639,30506
640,30495
640,30499
641,30508
641,30510
642,30492
642,30511
643,30495
643,30503
644,30070
644,30498
645,29904
645,30071
646,30360
646,30548
647,30078
647,54918
648,30548
648,30552
649,30329
649,30552
650,30355
650,30380
651,30331
651,30366
652,29906
653,30051
654,30305
655,54952
656,54950
657,30303
657,54939
658,30299
659,30159
659,30184
660,54941
661,6731
662,30126
663,30118
664,30036
665,30035
665,30186
666,54960
667,29991
668,30040
669,29945
669,30035
670,40305
671,40304
672,30016
673,54931
673,54933
674,54932
675,29992
676,40744
677,30016
677,30028
678,30013
678,30023
679,29943
679,30024
680,29943
680,54969
681,40307
682,40306
683,40306
684,30071
684,30074
685,30049
686,30046
687,30061
687,54966
688,30068
689,30070
689,54965
690,30065
691,30060
692,30062
693,30060
694,29937
695,29915
695,29941
696,29916
696,30491
697,30490
697,30510
698,29559
699,29916
699,30483
700,29559
701,29678
701,29942
702,29678
703,29621
704,29621
705,29685
706,54302
707,29686
708,29685
708,29686
709,29497
709,30482
710,29876
711,30477
711,30519
712,30523
713,30477
713,30520
713,30523
714,30521
715,30521
716,29911
716,30545
717,29925
717,30536
718,29925
718,30642
719,29878
719,32481
720,29878
720,30662
721,30642
721,30660
722,40320
723,29888
723,30639
724,29844
725,32520
726,51829
727,40318
727,51526
728,51079
728,54907
729,32533
730,32535
731,54288
732,32449
732,32463
732,32587
733,32452
734,40300
735,32452
735,32462
736,32461
736,32534
737,32473
737,40301
738,32479
739,32477
740,40303
741,29499
741,29507
742,29730
743,29749
744,29749
745,29507
745,29508
746,51232
747,51236
748,40301
749,32559
750,40302
751,29519
752,29519
752,29523
753,29523
754,29502
755,34009
756,34010
756,34012
757,29502
757,40299
758,32559
759,32608
759,40300
760,32573
760,32697
761,32700
762,32602
762,32719
763,32602
764,32582
764,32585
765,32628
765,32633
766,32560
766,32656
767,32723
768,32561
768,32708
769,32619
769,32622
770,32587
770,32621
770,54286
771,32618
772,32683
772,54923
773,32688
773,32707
774,29524
774,32684
775,40299
776,34003
776,34012
777,28315
777,28463
778,28468
778,54622
779,28467
779,54622
780,28271
781,28727
782,28726
782,40621
783,40621
783,40622
784,40624
785,28713
785,28734
786,28732
786,28734
787,28729
787,40620
788,40488
789,28721
789,28753
790,28292
790,40620
790,54621
791,28524
791,28526
792,28758
793,28750
793,28760
794,28742
795,40487
796,40486
797,28708
797,28774
798,28769
799,28771
800,28774
801,28699
802,28698
802,28956
803,28666
803,28694
804,28666
804,28708
805,28822
806,28722
806,28825
806,40486
807,28823
808,28716
809,40490
810,28822
810,28824
811,28701
811,28718
811,54618
812,28701
812,29109
813,29109
814,40430
815,18738
816,4473
816,29110
817,40489
818,29112
818,29122
819,29035
820,29179
821,5002
822,29171
823,29171
824,29190
825,29144
825,29173
826,5415
826,29034
827,5415
828,5915
829,5915
830,6118
831,5633
831,34413
832,40507
833,40507
834,5729
835,29130
836,29164
837,29164
838,5245
838,29133
838,54599
839,5135
839,5245
840,4942
840,5036
841,4972
841,40494
842,29147
843,29153
844,29143
844,29148
845,29023
846,29092
846,29095
847,29058
848,40492
849,4422
850,29096
851,4569
851,29096
851,40495
852,4569
852,29044
853,29038
853,29044
853,29079
854,29081
855,29051
855,29059
855,29073
856,29073
857,40626
858,29049
859,19849
860,29049
860,29053
861,4209
861,17620
862,4209
863,40493
864,29058
865,28819
866,4074
867,3912
868,3912
868,28820
869,11458
870,40490
871,28712
871,28713
872,40623
872,40624
873,3856
873,28791
874,28795
875,3716
876,28794
876,28800
877,3800
877,54670
878,3872
879,4047
880,3952
880,4094
881,3952
882,26945
883,18655
884,3849
884,3915
885,3915
886,3962
887,27175
888,27175
889,40733
890,40733
891,3783
892,3849
893,27166
894,40747
895,40746
896,27282
897,40732
898,25132
899,25132
899,25230
899,26445
900,26451
901,26425
902,40738
903,26425
903,40738
904,26361
905,26350
905,26352
906,26354
907,40739
908,26421
908,40737
909,40737
910,26426
911,26441
911,26442
912,26092
913,26450
913,27211
914,27211
914,27212
915,27217
916,27213
917,27201
918,26428
918,54674
919,40652
920,26428
921,40644
922,26056
922,40237
923,27189
924,40238
924,40239
925,27200
926,27187
927,40239
928,3524
928,40645
929,27196
930,3524
930,26433
930,26930
931,26429
932,40646
933,40647
934,26414
934,40653
935,40653
936,40650
937,26346
937,40651
938,26325
938,40739
939,40656
939,54691
940,40655
940,40656
941,3329
941,40649
942,40654
942,40655
943,40654
944,40658
945,40659
946,40657
947,40660
948,26365
949,26270
950,3346
951,3346
952,40648
953,19389
954,26090
955,3523
956,3456
957,3418
958,26401
959,26368
960,26372
961,3462
962,26054
963,3529
963,3545
964,26979
965,26983
966,3724
966,26983
967,3752
967,26985
967,27033
968,3604
968,27033
969,3648
970,3713
971,3650
972,40736
973,40735
974,27233
975,27167
976,26935
977,3713
977,3758
978,3758
978,3811
979,27139
980,3804
980,27139
981,3804
981,27155
982,3724
983,27142
984,26987
984,27142
985,3878
985,26987
985,26988
986,4010
986,27156
986,27300
987,3878
987,27154
987,27155
988,4010
988,27154
989,27159
990,26946
991,27159
991,27161
992,3811
993,26977
994,27251
995,26943
995,27250
995,27255
996,27260
997,3950
998,27228
999,27221
1000,27221
1001,3763
1002,3763
1003,3738
1003,27169
1004,18662
1005,3782
1006,3782
1007,27164
1007,27285
1008,27178
1009,27173
1010,3805
1011,3846
1012,3893
1013,3954
1014,4068
1015,40635
1016,4172
1016,40634
1017,40636
1018,4205
1018,27369
1019,4097
1019,4278
1020,4214
1020,40666
1021,4214
1022,17682
1023,19407
1024,27371
1025,19407
1025,27398
1026,4306
1027,27424
1028,27427
1029,4553
1030,4465
1030,27420
1031,27423
1032,27369
1033,27380
1034,4439
1034,27419
1035,27419
1036,4439
1037,40632
1038,27368
1039,4172
1039,27368
1039,40631
1040,27433
1040,27661
1041,27659
1041,40637
1042,4221
1043,27275
1044,4072
1044,26941
1045,40734
1046,40734
1047,4072
1047,4223
1047,4241
1048,4223
1048,4335
1049,4335
1049,4432
1050,40689
1051,27639
1052,4438
1052,4459
1053,4137
1053,4241
1053,4257
1054,17582
1055,17582
1055,27621
1056,4345
1056,27621
1057,4345
1057,27728
1058,4337
1058,27729
1059,4217
1059,4337
1060,4217
1060,27707
1061,27706
1061,27717
1062,27711
1062,27716
1063,4171
1064,4185
1064,4254
1064,4266
1065,4354
1065,27741
1066,40627
1067,4181
1068,11485
1069,18766
1069,27720
1070,25152
1071,19852
1072,25152
1073,5034
1074,4942
1074,5029
1075,5129
1076,5247
1076,27822
1077,5342
1078,29159
1079,5241
1079,29131
1079,29158
1080,5633
1080,25169
1081,5754
1081,5863
1081,34413
1082,40515
1083,34417
1084,40516
1085,31330
1086,5863
1086,5997
1087,5550
1087,25169
1088,5644
1088,5719
1088,40630
1089,27905
1090,27905
1091,5719
1092,31372
1093,6000
1093,40719
1094,6000
1094,31340
1095,31382
1096,40367
1097,6412
1098,31376
1099,40517
1100,6074
1101,5891
1102,19158
1103,5721
1104,5721
1105,5741
1106,5622
1107,5380
1108,5380
1109,5607
1109,5622
1110,5607
1111,40629
1112,27857
1112,40628
1113,4849
1114,4873
1115,4933
1116,5098
1116,27858
1117,5166
1118,5072
1118,27829
1119,4933
1120,18772
1121,27733
1122,27620
1123,27850
1124,5193
1125,27869
1126,27881
1127,5195
1127,27881
1128,5195
1128,27847
1129,4995
1129,27843
1130,4927
1130,4995
1131,4869
1131,27733
1132,4770
1132,4868
1133,4868
1133,27619
1134,4998
1134,5102
1135,5190
1135,5265
1136,5265
1137,40143
1138,27619
1138,27784
1139,27681
1140,4760
1141,4925
1141,27784
1142,27781
1142,27785
1143,40687
1144,5273
1145,5187
1145,27781
1146,4987
1147,5074
1148,4760
1148,4765
1148,4987
1149,18784
1150,27679
1151,4741
1152,40633
1153,40638
1154,4982
1155,5074
1156,5182
1157,40605
1158,27764
1159,27765
1160,40604
1161,5603
1162,5603
1162,5604
1163,5604
1163,40483
1164,5598
1165,40686
1166,5598
1166,40688
1167,40688
1168,5547
1168,17842
1169,5659
1170,31167
1171,27899
1171,40690
1172,5521
1173,17894
1173,40690
1174,19166
1175,6026
1175,40691
1176,40693
1177,40698
1178,40692
1179,31346
1180,31343
1181,31369
1182,31342
1183,40699
1184,40700
1185,40700
1186,5901
1187,6147
1187,31342
1188,6387
1189,40718
1190,31314
1191,6388
1192,6151
1192,6388
1193,6151
1193,31262
1194,5907
1194,31262
1195,5907
1195,31252
1196,31252
1197,31251
1198,5906
1198,31250
1199,5906
1199,5977
1200,5956
1201,31241
1202,31228
1203,31239
1204,5902
1204,31236
1205,5975
1205,6140
1206,5898
1206,5984
1207,5898
1207,31213
1208,31212
1209,5838
1210,5893
1210,19143
1211,5969
1212,6089
1212,52440
1213,6288
1214,40704
1215,6380
1216,6380
1217,31315
1218,6603
1219,31320
1220,31256
1221,19978
1222,19977
1223,31314
1224,31170
1225,7126
1226,7133
1226,19217
1227,6865
1227,7011
1228,40703
1229,40701
1230,40702
1231,7275
1232,7209
1233,40720
1234,6886
1234,54334
1235,31201
1236,40723
1237,40725
1238,40705
1239,40724
1240,7511
1241,7545
1242,31440
1243,31440
1244,40159
1245,31445
1246,18185
1247,31177
1248,40524
1249,40525
1250,31441
1251,7463
1251,31442
1252,7638
1252,31443
1253,31444
1254,31465
1255,31439
1256,31469
1257,31479
1257,31564
1258,40524
1259,7878
1260,31582
1260,31587
1261,31527
1261,31582
1262,7878
1262,31525
1263,7890
1264,31416
1264,31520
1265,31520
1266,40727
1267,31412
1268,31462
1269,7820
1269,31462
1270,40726
1271,7897
1271,31412
1272,8038
1273,7897
1273,31415
1274,40708
1275,8056
1276,8011
1277,40709
1278,7723
1278,7770
1279,7601
1279,31436
1280,40722
1281,31413
1281,31414
1282,31487
1283,8029
1284,30728
1285,54397
1286,8047
1286,19601
1287,31142
1287,31162
1288,31157
1288,40612
1289,7916
1289,31080
1290,31149
1291,7754
1292,40614
1293,40591
1294,7754
1294,40592
1295,31106
1296,7556
1297,7565
1297,31432
1298,7565
1298,40721
1299,31424
1300,7445
1301,40595
1302,7251
1302,54435
1303,54451
1304,7427
1304,7550
1305,7427
1306,7251
1307,7250
1308,6918
1309,40590
1310,54434
1311,7035
1312,7086
1313,40597
1314,31305
1315,7107
1315,40596
1316,31309
1316,40598
1317,7177
1318,7235
1318,7274
1319,40706
1320,7059
1321,40707
1322,6698
1323,6656
1323,31294
1324,31293
1325,6831
1325,31274
1326,6887
1326,6975
1327,7014
1327,7039
1328,6981
1328,31310
1329,6926
1329,40731
1330,6875
1331,6787
1331,6809
1332,6638
1332,6671
1333,6671
1333,19735
1334,6569
1335,6509
1336,31297
1337,31279
1338,40730
1339,6662
1340,6860
1341,6870
1342,40594
1343,31280
1344,31284
1345,6485
1346,6365
1347,40593
1348,30757
1349,6830
1350,6722
1351,6717
1352,31014
1352,31016
1353,6500
1353,31014
1354,30931
1355,30931
1356,30932
1356,40589
1357,31223
1358,54455
1359,30956
1359,31224
1360,30965
1361,30963
1362,6072
1363,5833
1364,5677
1364,30951
1365,53212
1366,40588
1367,19510
1368,40611
1369,27812
1370,40603
1371,40602
1372,5619
1373,40601
1374,40610
1375,27610
1376,5379
1377,40606
1378,5088
1378,5149
1379,5149
1380,5174
1381,27531
1382,5024
1383,5024
1383,5088
1384,26964
1384,26965
1385,40639
1386,4854
1387,4806
1387,4854
1387,4962
1387,54999
1388,40640
1389,5028
1389,5082
1390,27551
1390,40607
1391,27551
1391,40608
1392,40608
1393,40609
1394,5627
1395,5677
1395,27602
1396,5671
1396,27578
1397,27586
1398,40586
1399,5492
1400,27547
1401,27545
1402,27482
1403,40585
1404,27471
1404,40215
1405,27518
1406,40642
1407,40641
1408,4808
1408,27399
1409,27309
1409,27413
1410,27472
1410,27490
1411,27394
1411,27494
1411,40668
1412,27453
1413,27303
1413,27447
1414,5111
1414,27446
1415,5111
1416,27437
1417,5224
1417,27465
1418,5056
1418,27452
1419,5080
1420,5224
1421,27459
1422,5080
1422,27454
1423,5113
1424,5208
1424,27301
1425,5518
1426,5567
1426,27570
1427,5199
1427,5208
1428,27567
1428,40584
1429,5673
1430,27588
1430,40584
1431,27589
1432,25179
1433,5827
1434,5882
1434,40619
1435,5777
1436,5673
1436,5718
1437,5779
1437,30942
1438,5781
1438,25135
1439,5781
1440,40618
1441,5887
1442,30927
1443,5882
1443,6091
1443,30927
1444,6091
1445,6333
1446,40557
1447,6635
1448,6532
1448,6635
1449,40558
1450,6543
1451,54466
1452,51408
1452,51431
1453,6342
1453,6536
1453,19568
1453,19583
1454,19582
1454,19584
1455,19585
1456,6536
1456,40616
1457,30933
1458,30933
1459,5982
1459,30953
1460,6354
1461,6644
1461,31008
1462,6644
1463,6647
1464,6552
1464,31009
1465,30997
1465,54433
1466,31019
1466,54426
1467,6650
1468,31033
1469,31002
1470,7152
1470,30775
1471,7325
1471,7423
1472,7550
1472,7573
1473,7573
1474,7426
1475,7263
1476,31030
1477,31029
1478,31027
1479,31022
1480,7160
1480,7329
1481,7329
1481,7425
1482,7572
1482,7578
1483,7572
1483,7737
1484,7323
1485,7150
1485,30774
1486,30937
1487,19586
1487,30939
1488,30994
1489,7144
1490,7254
1490,30767
1491,7321
1492,7139
1492,7317
1493,40555
1494,40554
1495,40556
1496,30990
1497,40553
1498,7201
1499,7732
1500,31069
1501,7998
1501,52379
1502,8192
1503,31116
1504,31115
1504,31119
1505,7732
1505,7861
1506,31094
1507,31119
1507,52978
1508,7737
1508,7860
1509,7739
1509,7782
1510,7785
1511,7893
1512,7916
1512,31147
1513,40613
1514,31066
1515,7993
1515,31076
1516,7993
1517,8041
1518,8209
1518,19967
1519,8192
1519,30738
1520,54483
1521,8085
1522,54481
1523,7503
1524,31061
1525,31063
1526,31037
1527,40563
1528,40563
1529,40564
1530,7531
1531,7529
1532,7129
1533,55395
1534,30266
1534,30273
1535,6299
1535,6489
1536,6252
1537,40669
1538,6807
1539,30836
1539,30841
1540,7221
1540,40106
1541,7352
1541,30783
1542,31044
1543,7114
1543,30850
1544,6804
1544,6958
1545,6605
1545,30842
1546,6310
1547,6190
1547,6315
1548,6315
1548,6493
1549,30838
1550,7224
1550,30863
1551,7224
1551,7302
1552,6965
1552,30837
1553,6613
1553,30846
1554,6190
1555,40569
1556,40568
1557,40567
1558,40565
1559,7278
1560,40566
1561,30906
1562,40570
1563,40571
1564,6168
1565,30785
1566,30876
1566,30878
1567,30870
1567,30871
1568,30901
1568,30906
1569,40562
1570,40561
1571,30918
1572,30871
1572,30914
1573,30878
1573,30889
1574,40560
1575,6514
1575,30880
1576,6628
1576,30874
1577,30918
1578,31052
1579,7308
1580,6821
1580,6980
1581,30883
1582,6343
1583,5968
1584,5821
1584,5874
1585,5775
1585,19542
1586,27436
1587,5570
1587,5626
1588,5713
1588,19906
1588,27468
1589,5878
1589,30821
1590,5968
1590,40572
1591,5943
1592,5820
1592,40572
1593,5734
1594,5570
1595,5595
1595,52640
1596,5752
1597,5820
1598,5943
1599,40574
1600,5768
1601,5556
1602,5716
1602,5764
1603,40573
1604,30806
1605,30806
1606,5648
1606,5764
1607,5556
1607,5593
1608,5301
1608,40673
1609,40671
1610,5778
1610,5860
1611,5974
1611,30807
1611,30811
1612,19356
1613,40670
1614,40671
1615,5297
1615,40674
1616,5539
1617,30218
1618,5979
1618,40670
1619,5979
1620,30216
1621,5571
1622,26909
1622,26922
1623,26906
1624,40676
1625,40675
1626,40677
1627,4893
1627,40581
1628,4893
1628,26084
1628,40582
1629,4780
1630,26725
1631,4922
1631,19371
1631,19372
1632,40582
1633,26895
1634,17786
1635,5218
1636,40599
1637,40226
1638,40577
1639,4505
1639,27350
1640,4453
1640,40576
1641,4357
1642,4264
1643,4289
1644,26927
1644,40665
1645,26927
1645,54874
1646,26975
1647,27115
1647,27128
1648,27111
1648,27114
1649,27124
1649,40663
1650,27052
1650,27110
1651,27074
1651,27111
1651,40662
1652,27055
1652,27083
1653,27069
1654,3695
1655,3742
1655,27057
1656,27058
1657,27060
1658,3771
1658,54861
1659,27117
1660,27123
1661,4139
1661,40664
1662,40665
1663,54839
1664,27329
1665,4464
1666,4374
1667,40105
1667,52884
1668,4374
1668,27325
1669,4186
1669,27326
1670,40579
1671,54839
1672,54848
1673,40578
1673,54848
1674,19987
1675,27034
1676,27034
1677,3771
1677,27035
1678,27035
1679,27042
1680,27042
1681,27091
1682,27092
1683,27094
1684,4186
1684,26969
1685,26080
1686,26642
1686,53017
1687,27050
1688,26667
1689,26642
1690,26075
1690,26770
1691,40580
1692,18895
1692,34536
1693,34504
1693,34537
1694,34380
1694,34504
1695,18824
1696,18826
1696,34757
1697,34750
1697,34752
1698,40519
1699,34750
1700,40513
1701,34380
1702,7943
1703,40512
1704,7943
1705,34534
1706,8061
1706,34534
1707,34540
1708,8450
1709,32188
1710,32247
1710,32254
1710,40518
1711,32188
1711,32247
1712,32242
1713,8370
1714,25186
1715,7953
1716,31552
1717,31556
1717,40514
1718,31600
1718,40514
1719,31592
1720,31606
1721,7874
1722,31560
1723,40522
1724,19108
1724,19114
1725,8267
1725,31584
1726,31589
1726,40521
1727,8264
1728,31589
1729,19875
1730,8264
1730,40520
1731,8267
1732,32203
1732,54379
1733,32197
1734,32214
1735,40529
1736,32202
1737,30739
1738,32187
1739,8907
1739,40530
1740,8907
1740,8964
1741,8964
1742,32395
1743,18445
1743,18844
1743,32074
1743,32398
1744,9141
1744,18853
1745,8956
1745,9063
1746,9063
1746,32251
1746,32259
1747,32066
1748,32417
1749,32080
1749,32261
1750,9139
1750,18840
1750,18841
1751,40519
1752,34767
1753,9168
1754,9168
1754,34736
1755,34801
1756,34805
1756,34818
1756,34829
1757,32420
1757,34807
1758,25252
1758,34827
1759,32417
1759,32434
1760,32390
1761,32394
1761,32412
1762,32387
1763,32433
1764,32390
1764,40460
1765,29827
1765,32434
1765,33293
1766,29827
1766,29885
1766,32440
1767,40457
1768,34826
1768,34843
1768,40456
1769,19781
1769,40456
1770,35286
1770,35291
1771,35286
1772,40458
1773,54566
1774,40459
1775,40464
1776,40458
1777,35283
1777,35289
1778,35291
1778,35293
1779,10254
1779,35283
1780,10254
1780,40461
1781,10050
1782,10050
1782,33295
1783,40461
1784,40463
1785,40462
1786,10459
1786,10500
1787,10463
1787,33480
1788,10432
1788,33107
1789,10459
1790,33338
1790,33339
1791,33263
1791,33339
1792,33317
1792,33340
1793,10295
1793,33340
1794,33274
1794,33294
1795,33272
1795,33274
1795,33287
1796,33265
1797,33264
1797,33287
1797,33324
1798,33318
1798,33320
1799,33307
1800,33337
1801,10537
1802,40468
1803,33463
1804,33331
1804,33392
1805,33236
1805,33304
1806,33310
1807,33312
1808,33285
1809,10282
1809,33089
1809,33130
1810,40467
1811,40466
1812,32430
1812,40465
1813,9649
1813,9719
1814,9719
1815,32383
1816,33188
1816,33218
1817,33130
1817,33134
1818,33236
1818,33248
1819,33248
1819,33391
1819,40469
1820,10455
1821,33388
1822,33108
1822,33246
1823,33105
1823,33108
1824,10288
1825,33239
1825,33242
1825,40470
1826,33239
1827,33131
1828,40470
1829,33215
1830,10083
1830,33189
1831,10039
1831,10111
1831,33189
1832,33220
1833,33201
1834,10039
1834,33198
1835,10040
1836,9726
1836,32363
1837,32382
1838,32364
1838,32374
1839,19000
1839,32068
1840,9421
1840,32391
1841,32403
1842,32327
1843,32325
1844,40532
1845,9108
1846,32064
1846,32404
1847,40531
1848,8965
1849,8856
1849,8965
1850,8909
1851,32175
1852,40533
1853,8909
1854,8789
1855,8864
1856,18864
1856,32081
1856,32222
1857,32226
1858,32219
1859,32199
1860,8615
1861,8615
1861,18868
1862,8519
1863,8519
1864,40528
1865,32203
1865,40527
1866,8432
1867,31183
1868,31585
1869,40716
1870,40716
1871,40728
1872,31546
1872,40728
1873,32113
1873,32114
1873,32115
1874,32113
1875,32110
1876,8722
1876,32111
1877,8872
1877,32083
1878,8775
1879,40535
1880,32166
1881,9046
1881,32174
1882,9046
1883,40534
1884,32312
1884,32323
1885,9350
1885,32267
1886,32333
1886,32335
1887,9356
1887,32335
1888,32311
1889,32176
1889,40534
1890,40536
1891,32165
1892,8719
1892,8875
1893,8719
1893,32111
1894,32114
1895,8286
1895,31547
1896,31519
1897,8110
1898,8285
1899,8285
1899,8438
1899,31422
1900,8700
1900,19097
1900,19100
1901,8544
1901,30724
1902,40717
1903,32099
1904,32099
1905,40715
1906,54388
1906,54389
1907,8253
1908,40710
1909,40711
1910,8296
1911,40712
1912,8614
1913,31760
1914,32085
1915,32085
1916,8777
1917,8830
1918,8986
1919,8861
1919,32103
1920,8788
1920,32108
1921,32138
1922,32130
1922,32144
1923,32130
1924,9085
1925,9051
1926,32131
1927,32132
1928,32132
1929,40545
1930,9050
1931,32127
1932,32127
1933,32148
1934,9145
1934,32076
1935,9145
1936,9218
1936,31928
1937,9218
1938,32284
1938,40540
1939,32286
1940,32282
1940,32303
1941,40540
1942,9276
1942,9295
1943,9414
1943,40541
1944,9469
1944,9517
1945,9446
1945,32276
1946,9337
1946,9446
1946,32294
1947,9337
1947,32280
1948,32279
1948,40539
1949,40538
1950,32149
1951,40537
1952,40537
1953,40539
1954,32311
1955,19776
1956,9428
1957,19009
1958,19776
1959,32344
1960,9827
1961,32342
1962,32339
1962,32341
1963,9765
1963,9829
1964,40472
1965,29879
1965,33158
1966,33145
1967,9999
1967,33141
1968,9827
1968,9999
1969,33169
1970,10083
1970,33168
1971,33138
1972,10160
1972,33187
1973,33176
1973,33178
1974,10160
1974,10211
1974,33171
1975,40471
1976,32356
1976,33154
1977,10009
1977,32741
1978,10008
1978,32918
1979,10136
1979,10212
1980,10136
1980,10210
1980,33129
1981,10127
1982,10127
1982,33135
1982,33173
1983,10217
1983,10288
1984,10366
1984,18594
1985,10469
1986,33091
1986,33096
1987,10290
1987,33223
1988,10456
1988,33091
1989,10323
1990,10210
1990,10212
1991,9863
1991,29884
1992,19621
1992,40683
1993,9774
1993,30763
1994,9821
1994,33151
1995,32348
1996,40473
1997,32341
1998,40475
1999,40474
2000,32040
2000,32046
2001,9469
2002,40476
2003,40477
2004,40478
2005,40479
2006,9658
2006,40480
2007,32023
2007,32025
2008,40482
2009,9467
2009,9487
2010,9490
2010,40481
2011,9589
2011,32019
2012,9504
2012,9521
2012,9566
2013,9470
2013,9489
2014,9454
2014,31950
2015,9427
2016,9477
2017,9455
2017,54518
2018,40541
2019,31948
2020,9412
2020,31944
2021,9418
2021,31951
2022,31946
2023,31916
2024,9229
2025,31920
2026,40682
2027,9280
2027,31925
2028,31925
2029,40542
2030,40543
2031,8970
2032,31927
2032,40542
2033,9280
2033,31927
2034,9128
2034,40544
2035,9212
2035,9279
2036,31623
2037,40546
2038,40547
2039,8970
2040,31788
2041,40714
2042,40713
2043,8683
2043,8779
2043,8806
2044,8840
2045,31783
2046,31709
2047,8609
2047,8672
2048,8566
2048,8609
2049,8604
2049,8610
2050,31741
2050,31743
2051,8611
2052,8507
2053,8325
2054,30733
2055,8427
2055,31164
2056,8572
2056,31745
2057,8485
2057,8570
2058,8422
2058,31164
2059,8420
2059,40729
2060,8420
2060,8510
2061,8419
2061,8561
2062,8319
2062,31074
2063,8318
2064,8409
2065,40552
2066,8409
2067,8533
2068,31726
2069,31726
2070,8603
2070,8608
2071,8603
2072,31733
2073,31730
2074,31738
2075,40551
2076,31711
2076,40550
2077,40550
2078,31767
2079,31768
2079,40549
2080,31703
2081,31772
2081,40548
2082,31893
2083,31876
2084,31987
2084,32003
2085,9704
2086,9680
2087,9680
2087,40681
2088,9647
2088,31990
2088,40680
2089,31875
2089,31899
2090,9387
2090,31933
2090,31967
2091,31906
2091,31908
2092,31906
2093,31879
2093,32000
2094,9693
2094,19659
2095,9693
2095,31976
2095,31979
2096,31974
2097,9727
2098,40679
2099,40684
2100,10172
2101,40685
2102,10324
2103,10465
2104,10471
2105,10325
2105,10383
2106,32903
2107,40678
2108,40742
2109,10387
2110,32990
2110,33023
2111,32990
2111,33011
2112,10470
2112,32931
2113,32928
2114,10470
2114,32928
2115,32802
2116,26571
2117,3654
2118,3654
2119,19380
2120,26601
2121,40287
2122,26598
2123,26594
2123,26602
2123,54892
2124,3672
2125,3704
2125,3705
2126,3705
2127,40288
2128,26648
2129,26644
2130,3899
2130,26644
2130,54894
2131,54894
2132,3899
2132,19373
2132,54897
2132,54898
2133,26459
2134,26459
2135,26892
2135,26893
2136,5587
2137,26720
2138,26720
2139,26753
2140,26753
2140,26836
2141,26859
2141,40291
2142,26858
2143,40291
2144,5431
2145,5576
2146,5646
2147,26885
2148,26874
2148,26880
2149,26869
2150,26851
2151,26834
2151,26852
2152,4273
2153,26736
2154,54902
2155,54902
2156,26477
2156,26738
2157,40285
2158,40286
2159,26614
2159,40284
2160,26620
2160,26626
2161,26737
2161,26743
2162,26634
2163,26612
2163,26629
2163,26731
2164,3946
2164,26641
2165,4273
2166,4452
2167,26764
2168,40290
2169,26764
2170,40289
2171,26543
2172,26534
2172,26671
2173,3798
2173,26647
2174,26661
2174,26664
2174,26672
2175,26588
2175,26655
2175,26656
2176,26578
2176,26590
2177,26567
2177,26569
2178,26058
2178,26059
2179,26059
2179,26548
2179,26568
2180,26523
2180,26548
2180,26567
2181,26523
2181,26559
2181,54899
2182,26538
2182,26554
2183,55127
2184,26545
2185,26111
2186,54810
2187,26470
2188,26506
2188,26508
2189,26498
2190,26174
2190,26176
2191,26098
2192,26172
2193,26171
2194,26159
2195,26109
2195,40258
2196,40257
2196,54746
2197,40258
2197,53207
2197,53796
2198,26161
2199,26170
2200,26164
2201,26095
2202,26497
2203,26480
2204,26494
2205,26061
2205,26482
2206,26061
2207,26096
2208,26140
2208,53149
2209,26116
2210,26142
2210,54744
2211,40256
2211,53478
2212,40255
2213,40254
2213,53787
2214,40253
2214,53786
2215,25341
2216,25329
2217,26128
2218,26128
2219,25329
2220,25339
2221,25339
2222,25848
2223,25963
2223,25967
2224,25956
2225,25965
2225,25978
2226,25959
2226,25971
2227,25332
2228,40280
2229,25338
2230,26480
2230,26674
2231,54812
2232,54818
2233,26504
2233,26506
2233,26514
2234,26461
2234,26467
2234,26515
2235,26461
2235,26678
2236,26678
2236,26685
2237,26674
2238,25338
2238,26014
2239,25994
2240,26676
2241,26701
2242,40283
2243,40281
2243,40282
2244,26736
2245,26833
2246,26816
2247,40282
2248,40292
2249,26700
2249,40283
2250,26705
2251,26706
2251,26708
2252,26703
2253,26681
2254,26680
2254,29968
2255,29971
2256,29960
2257,26698
2257,54822
2258,26690
2259,26690
2260,25335
2260,26019
2261,26027
2262,29664
2263,29677
2264,35401
2265,35491
2266,35490
2267,35393
2267,35400
2268,35471
2269,35399
2270,35402
2271,10426
2272,10426
2272,35232
2273,35252
2273,35468
2274,35467
2274,35469
2275,35462
2276,35578
2277,35600
2278,35234
2278,35254
2279,35476
2279,35481
2280,35253
2281,35606
2282,35579
2283,35594
2283,35608
2284,35609
2285,40343
2286,35570
2287,35570
2287,35658
2288,35666
2288,40345
2289,40345
2290,40346
2291,34307
2291,40346
2292,35236
2292,35656
2293,40344
2294,35388
2294,35389
2295,35279
2296,35279
2296,35338
2296,35360
2297,35385
2298,35278
2298,35377
2298,35386
2299,35265
2299,35272
2300,35265
2300,35353
2301,35344
2301,35350
2301,35354
2302,35365
2302,35380
2303,35530
2304,35530
2304,35532
2304,35567
2305,34288
2305,35568
2306,36070
2307,36067
2308,36062
2309,40347
2310,40348
2311,40348
2312,34288
2313,35560
2314,25283
2315,35554
2315,36066
2316,25283
2316,33852
2316,35565
2317,33854
2318,25208
2318,25268
2318,35563
2319,25208
2320,25206
2321,25270
2321,35541
2322,35536
2322,35546
2323,35248
2323,35544
2324,35343
2325,25200
2325,25201
2326,33443
2327,33443
2328,10705
2329,33496
2330,33492
2331,32780
2331,33710
2332,33674
2332,33708
2333,33772
2334,33769
2334,33771
2335,33679
2335,33702
2336,33699
2336,33702
2337,33454
2337,33699
2338,33476
2339,10587
2340,33472
2341,10558
2342,33387
2343,33408
2344,33401
2345,33345
2346,33345
2347,10722
2348,40355
2349,33482
2350,32777
2350,33688
2351,33442
2351,33695
2352,33695
2352,33698
2353,33675
2353,33689
2354,33678
2354,33698
2355,33678
2355,33679
2356,40350
2357,40351
2358,33767
2359,33777
2359,40350
2360,33755
2360,33777
2361,33756
2362,33828
2363,40392
2364,29513
2365,33838
2365,33840
2366,33789
2366,33841
2367,33830
2368,33802
2369,33789
2370,10955
2370,33812
2371,33809
2371,33812
2372,10955
2372,29512
2372,33814
2373,33790
2373,33814
2374,33793
2375,10922
2375,33750
2376,33749
2377,33684
2378,33727
2379,33684
2380,33685
2381,40353
2382,40354
2383,40352
2384,40352
2385,33737
2385,33740
2386,33727
2386,33729
2386,33738
2387,33697
2388,33692
2389,10785
2390,10712
2391,10638
2392,33355
2393,33354
2394,33380
2395,33376
2395,33379
2395,40356
2396,40356
2397,40357
2397,54260
2398,40358
2399,33423
2400,33424
2401,40359
2402,40362
2403,33686
2404,33721
2404,33723
2405,33719
2405,33733
2406,33733
2406,33740
2407,34065
2408,33715
2408,34065
2409,33667
2409,33723
2410,32744
2411,32744
2411,40362
2412,54256
2413,32748
2414,33374
2414,54260
2415,33370
2416,33038
2416,33040
2417,33025
2417,33042
2418,33008
2419,32983
2420,33006
2420,33015
2421,33014
2422,32946
2422,33057
2423,32992
2423,33067
2424,33055
2425,32989
2425,33076
2425,54263
2426,54263
2427,33076
2428,33589
2429,33529
2429,33535
2429,33635
2430,33582
2431,32782
2431,32989
2431,33527
2432,33551
2433,32776
2434,33540
2434,33545
2435,33061
2435,33547
2436,33499
2436,33521
2436,33544
2437,33513
2437,33609
2438,33502
2438,33539
2438,33610
2439,33525
2439,33529
2439,33638
2440,33533
2440,33635
2440,33657
2441,33603
2441,33630
2442,33654
2442,33655
2442,33660
2443,33657
2443,33659
2444,33672
2444,34070
2445,33650
2445,33652
2445,33669
2446,33506
2446,33507
2446,33647
2447,29572
2447,34069
2447,54787
2448,34050
2449,34050
2450,34068
2451,29545
2452,29538
2453,29529
2453,33646
2453,33647
2454,33646
2454,40360
2455,33646
2455,54273
2456,32975
2456,33521
2456,54270
2457,32762
2457,32940
2458,10787
2458,54801
2458,54804
2459,40363
2460,54273
2461,29516
2461,29529
2461,54282
2462,29516
2463,32737
2464,29798
2465,32674
2466,32676
2467,32972
2468,32761
2468,32971
2469,32943
2469,32956
2470,32943
2471,32801
2472,32942
2473,32954
2474,32946
2474,32975
2475,40364
2476,32902
2477,40365
2478,32895
2479,10447
2480,32793
2480,32948
2481,32551
2481,32793
2482,18629
2482,32547
2483,32545
2483,32554
2484,54790
2485,29862
2486,34356
2487,35723
2488,35457
2489,35499
2490,35447
2491,35484
2492,35486
2492,35522
2493,35244
2493,35696
2494,34320
2495,35247
2495,35623
2496,35836
2497,35640
2498,35671
2499,35876
2500,35678
2500,36120
2501,40342
2502,40342
2503,36117
2504,36162
2505,36114
2506,36110
2507,34299
2507,35904
2508,35817
2508,35853
2509,35889
2510,35961
2511,35223
2511,35953
2512,35228
2513,35760
2514,35793
2515,35751
2516,35752
2517,35698
2517,35782
2518,35681
2519,35720
2519,35742
2520,35688
2520,35693
2521,35728
2522,40340
2523,40340
2524,35916
2524,35929
2525,35685
2525,35916
2526,35691
2526,35982
2527,35987
2528,36004
2529,34315
2529,35222
2530,35200
2531,29471
2531,29480
2532,27920
2532,27922
2533,29327
2534,25245
2535,25180
2535,27920
2536,25180
2537,29332
2538,29334
2539,29385
2540,29438
2541,25244
2541,29451
2541,35020
2542,34938
2543,34929
2543,34938
2544,35089
2545,35074
2546,35066
2547,35027
2548,35109
2549,35133
2550,35105
2551,34309
2552,35212
2552,35950
2553,35940
2553,35944
2554,35934
2555,28008
2556,27979
2557,27994
2558,27941
2559,28164
2560,3160
2560,28140
2561,28131
2561,28217
2562,28179
2563,28197
2564,28180
2565,28198
2566,28295
2567,40241
2568,28643
2569,27918
2570,40240
2571,28137
2571,28230
2572,28178
2573,28174
2574,28638
2574,28658
2575,28257
2576,28413
2577,28258
2578,28427
2579,17502
2579,28310
2580,28317
2580,28427
2581,40243
2582,40242
2583,28242
2584,28249
2585,28919
2586,28249
2587,28831
2587,28835
2588,28250
2588,28829
2589,28928
2589,28937
2590,28925
2590,28931
2591,28634
2591,28654
2592,28630
2592,28633
2593,28662
2594,28942
2595,29336
2596,29336
2596,29342
2597,28273
2598,29341
2599,28270
2599,29363
2600,28262
2601,28269
2602,40250
2603,27938
2603,27943
2604,40250
2605,27949
2606,27949
2606,27965
2607,27937
2608,27937
2608,28059
2609,28059
2609,28060
2610,27935
2611,27966
2612,27953
2612,27958
2613,27954
2613,27960
2614,27951
2614,28033
2615,27944
2615,28036
2616,28049
2616,28105
2617,27915
2618,27915
2619,28035
2619,28118
2620,28035
2620,28052
2621,28077
2622,28072
2623,28060
2623,28120
2624,28019
2625,27913
2626,27939
2627,25123
2628,25542
2629,25566
2630,25434
2630,25731
2631,25785
2631,25802
2632,25797
2632,25818
2633,25314
2633,25316
2634,26338
2635,26321
2636,26344
2637,25317
2638,25317
2639,25316
2640,28022
2640,28029
2640,28103
2641,28097
2641,28098
2642,25805
2643,25808
2644,25825
2645,25783
2646,28038
2646,28041
2647,25432
2648,25432
2649,28305
2649,28350
2650,28020
2651,40244
2652,40245
2652,55124
2653,27927
2653,28020
2654,28108
2654,28345
2655,28333
2655,28338
2656,25120
2656,28343
2657,28353
2657,28355
2657,28384
2658,28366
2659,25121
2660,28326
2660,28335
2661,40246
2662,28300
2662,28892
2663,28586
2663,28878
2664,28564
2665,28558
2666,28542
2667,28598
2668,28323
2668,28589
2669,28302
2669,28588
2670,28911
2670,28913
2671,27911
2672,27925
2673,28404
2674,28420
2675,28330
2676,28320
2676,28479
2676,28550
2677,28545
2677,28578
2678,28540
2678,28545
2679,28412
2680,28397
2681,28403
2682,28431
2683,25036
2684,25098
2685,25550
2685,25551
2686,25049
2686,25550
2687,25446
2687,25547
2688,25494
2689,25458
2690,25484
2691,25445
2691,25453
2691,25713
2692,25719
2693,25697
2694,25698
2695,25543
2695,25545
2696,25539
2697,40251
2698,25050
2698,25107
2699,25038
2699,25091
2700,25072
2700,25077
2701,25048
2701,25470
2702,25045
2702,25469
2703,25500
2704,25486
2705,25599
2706,25436
2706,25599
2707,25072
2708,25056
2709,25058
2709,25059
2710,25058
2710,25287
2711,25042
2712,25063
2713,25059
2713,25357
2714,25356
2714,25358
2715,25287
2715,25293
2716,25354
2716,25364
2717,25362
2717,25365
2718,25352
2718,25390
2719,25399
2719,25592
2720,25480
2721,25381
2722,25293
2722,25479
2723,25292
2723,40252
2724,40252
2725,25586
2726,25384
2726,25388
2727,25621
2728,26126
2729,25571
2729,54729
2730,25571
2730,25607
2731,25595
2731,25609
2732,25476
2733,25474
2733,25482
2734,25580
2734,25591
2735,25300
2735,25313
2736,25289
2736,25888
2737,25875
2737,25888
2738,55132
2739,25385
2740,25867
2741,25310
2742,25836
2743,25838
2744,25840
2745,25855
2746,25869
2746,25870
2747,25868
2748,25844
2748,25899
2749,25844
2750,25904
2751,25854
2752,25854
2753,40278
2754,40277
2755,25951
2756,40279
2757,25407
2758,25350
2759,25349
2760,25837
2761,25858
2761,25864
2762,25839
2763,40276
2764,25850
2765,25992
2766,25992
2766,26013
2767,25991
2768,25163
2768,26021
2768,29654
2769,25943
2769,25980
2769,25998
2770,25938
2771,25987
2772,25908
2772,25982
2773,25160
2773,25916
2774,25913
2774,25917
2775,25907
2776,25914
2777,29615
2778,29583
2778,29585
2779,29580
2779,29614
2780,29633
2780,29651
2781,29623
2782,29623
2783,29587
2783,40296
2784,40296
2785,40293
2786,40293
2787,29600
2788,29638
2789,29634
2790,40294
2791,40294
2792,40295
2793,40295
2794,29697
2795,29690
2796,34020
2796,34021
2797,40297
2798,34019
2799,33913
2800,29547
2801,33951
2802,40298
2803,40298
2804,33859
2804,33946
2805,29550
2806,33942
2807,33942
2808,33968
2809,29719
2810,29708
2811,29771
2812,29777
2813,29525
2814,29525
2815,29707
2816,29718
2817,29718
2818,29710
2819,29711
2820,29756
2821,29528
2821,33884
2822,29500
2823,29704
2824,29702
2825,29702
2826,29500
2827,33869
2828,33872
2829,33874
2830,29544
2831,29544
2831,33871
2832,33861
2833,33861
2834,33862
2835,33862
2836,33894
2837,33856
2838,33857
2839,33898
2840,29526
2841,29526
2841,33883
2842,33995
2843,33997
2844,33996
2844,34032
2845,33996
2845,34033
2846,34029
2846,34030
2847,33986
2848,33976
2849,34209
2850,40236
2851,34211
2851,34230
2852,40014
2853,34210
2854,34210
2855,25024
2856,29555
2857,25025
2858,25010
2859,25010
2859,40368
2860,40368
2861,36278
2862,40369
2863,36274
2864,36277
2864,36283
2865,36286
2866,36293
2867,34259
2867,40372
2868,25004
2869,34224
2869,34226
2870,34218
2870,40370
2870,40371
2871,40370
2872,34221
2873,34214
2874,34212
2875,33978
2875,33999
2876,29515
2876,40412
2877,40411
2878,34165
2879,34175
2880,33981
2881,34035
2881,34040
2882,33984
2883,34174
2884,34161
2885,34165
2886,34169
2887,40373
2888,34162
2889,34185
2890,40374
2891,34045
2892,36063
2893,36071
2894,36064
2895,36060
2896,36049
2897,40349
2898,40391
2899,40390
2900,34137
2901,34104
2902,40380
2903,34194
2904,40396
2905,40394
2906,40395
2907,36090
2908,36191
2909,36018
2910,40393
2911,36024
2912,40397
2913,36024
2914,34273
2914,40383
2915,25006
2915,34273
2915,34275
2916,36271
2916,36296
2917,36302
2918,36208
2918,36312
2918,36313
2919,36204
2919,36206
2919,36208
2920,36209
2921,36187
2921,36188
2922,36012
2923,36097
2924,36083
2925,34101
2926,34134
2927,34134
2928,40377
2929,40376
2930,34102
2931,34150
2932,34099
2932,34121
2933,34081
2934,34067
2935,34073
2935,34078
2936,34062
2937,34077
2938,34056
2939,34147
2940,40378
2941,40379
2942,34148
2943,34194
2943,40381
2944,40382
2945,34191
2946,33988
2947,40388
2948,34190
2949,34187
2950,34183
2951,33992
2951,34159
2952,33989
2953,34244
2953,34246
2954,34244
2954,34255
2955,33989
2956,34255
2956,34257
2957,40408
2958,40410
2959,36289
2959,36292
2960,36287
2960,36299
2961,36294
2962,25018
2962,34231
2962,34267
2963,40409
2964,34271
2965,34233
2966,34234
2967,34234
2968,34266
2969,40384
2970,40385
2971,34241
2972,34238
2973,36140
2974,36169
2975,36136
2976,36099
2976,36149
2977,36107
2977,36152
2978,40402
2979,36152
2980,36167
2981,36153
2982,36150
2983,40403
2984,36239
2985,36229
2986,36237
2986,36245
2987,25013
2987,36235
2988,40406
2989,40405
2990,40404
2991,36026
2992,36246
2992,36248
2993,36333
2993,36335
2994,25001
2995,36249
2996,40407
2997,36231
2998,36243
2999,36240
3000,25002
3000,36247
3001,36250
3002,36250
3003,36253
3004,36263
3005,36054
3006,36031
3007,36056
3008,36029
3009,36053
3010,36055
3011,36055
3012,36052
3013,36052
3013,36057
3014,36203
3014,40398
3015,36202
3015,40399
3016,36184
3017,25016
3017,36184
3018,36317
3019,36327
3020,36322
3021,36326
3022,36328
3023,36040
3024,36040
3024,36223
3025,40401
3026,40400
3027,40400
3028,36220
3029,36038
3030,36038
3031,35947
3032,35986
3033,34290
3034,36262
3035,36332
3036,36331
3037,36314
3038,36288
3039,36290
3040,36276
3041,33971
3042,33969
3043,33875
3044,33870
3045,29703
3046,29599
3047,25911
3048,25382
3049,25418
3050,25355
3051,25060
3052,25094
3053,25095
3054,25540
3055,25541
3056,27948
3057,28144
3058,28010
3059,28226
3060,28265
3061,29487
3160,2560
3329,941
3346,950
3346,951
3383,366
3418,957
3456,956
3462,961
3523,955
3524,928
3524,930
3529,963
3545,963
3604,968
3648,969
3650,971
3654,2117
3654,2118
3672,2124
3695,395
3695,1654
3704,2125
3705,2125
3705,2126
3713,970
3713,977
3716,875
3724,966
3724,982
3738,1003
3742,1655
3752,967
3758,977
3758,978
3763,1001
3763,1002
3771,1658
3771,1677
3782,1005
3782,1006
3783,891
3798,2173
3800,877
3804,980
3804,981
3805,1010
3811,978
3811,992
3846,1011
3849,884
3849,892
3856,873
3872,878
3878,985
3878,987
3893,1012
3899,2130
3899,2132
3912,867
3912,868
3915,884
3915,885
3946,2164
3950,997
3952,880
3952,881
3954,1013
3962,886
4010,986
4010,988
4047,879
4068,1014
4072,1044
4072,1047
4074,866
4094,880
4097,1019
4104,65
4137,1053
4139,1661
4171,1063
4172,1016
4172,1039
4181,1067
4185,1064
4186,1669
4186,1684
4205,1018
4209,861
4209,862
4214,1020
4214,1021
4217,1059
4217,1060
4221,1042
4223,1047
4223,1048
4241,1047
4241,1053
4254,1064
4257,1053
4264,1642
4266,1064
4273,2152
4273,2165
4278,1019
4289,1643
4306,1026
4335,1048
4335,1049
4337,1058
4337,1059
4345,1056
4345,1057
4354,1065
4357,1641
4374,1666
4374,1668
4422,849
4432,1049
4438,1052
4439,1034
4439,1036
4452,2166
4453,1640
4459,1052
4464,1665
4465,1030
4473,816
4505,1639
4553,1029
4569,851
4569,852
4741,1151
4760,1140
4760,1148
4765,1148
4770,1132
4778,69
4780,1629
4806,1387
4807,69
4808,1408
4849,1113
4854,1386
4854,1387
4868,1132
4868,1133
4869,1131
4873,1114
4893,1627
4893,1628
4922,1631
4925,1141
4927,1130
4933,1115
4933,1119
4942,840
4942,1074
4962,1387
4972,841
4982,1154
4987,1146
4987,1148
4995,1129
4995,1130
4998,1134
5002,821
5024,1382
5024,1383
5028,1389
5029,1074
5034,1073
5036,840
5056,1418
5072,1118
5074,1147
5074,1155
5080,1419
5080,1422
5082,1389
5088,1378
5088,1383
5098,1116
5102,1134
5111,1414
5111,1415
5113,1423
5118,98
5129,1075
5135,839
5149,1378
5149,1379
5166,1117
5174,1380
5182,1156
5187,1145
5190,1135
5193,1124
5195,1127
5195,1128
5199,1427
5208,1424
5208,1427
5218,1635
5224,1417
5224,1420
5236,99
5241,1079
5245,838
5245,839
5247,1076
5265,1135
5265,1136
5273,1144
5297,1615
5301,1608
5342,1077
5379,1376
5380,1107
5380,1108
5415,826
5415,827
5431,2144
5439,225
5492,1399
5518,1425
5521,1172
5539,1616
5547,1168
5550,1087
5556,1601
5556,1607
5567,1426
5570,1587
5570,1594
5571,1621
5576,2145
5587,2136
5593,1607
5595,1595
5597,224
5597,225
5598,1164
5598,1166
5603,1161
5603,1162
5604,1162
5604,1163
5607,1109
5607,1110
5619,1372
5622,1106
5622,1109
5626,1587
5627,1394
5633,831
5633,1080
5644,1088
5646,2146
5648,1606
5659,1169
5671,1396
5673,1429
5673,1436
5677,1364
5677,1395
5694,224
5694,236
5697,237
5697,238
5713,1588
5716,1602
5718,1436
5719,1088
5719,1091
5721,1103
5721,1104
5729,834
5734,1593
5741,1105
5752,1596
5754,1081
5759,565
5764,1602
5764,1606
5768,1600
5775,1585
5777,1435
5778,1610
5779,1437
5781,1438
5781,1439
5807,236
5820,1592
5820,1597
5821,1584
5827,1433
5833,1363
5838,1209
5848,240
5849,568
5849,571
5851,571
5851,577
5860,1610
5863,1081
5863,1086
5874,1584
5878,1589
5882,1434
5882,1443
5887,1441
5891,1101
5893,1210
5898,1206
5898,1207
5901,1186
5902,1204
5906,1198
5906,1199
5907,1194
5907,1195
5915,828
5915,829
5943,1591
5943,1598
5951,571
5951,572
5956,1200
5968,1583
5968,1590
5969,1211
5974,1611
5975,1205
5977,1199
5979,1618
5979,1619
5982,1459
5984,1206
5997,1086
6000,1093
6000,1094
6026,1175
6072,1362
6074,1100
6089,1212
6091,1443
6091,1444
6105,566
6105,567
6118,830
6140,1205
6147,1187
6151,1192
6151,1193
6168,1564
6169,575
6169,576
6190,1547
6190,1554
6252,1536
6288,1213
6299,1535
6310,1546
6315,1547
6315,1548
6333,1445
6342,1453
6343,1582
6354,1460
6365,1346
6380,1215
6380,1216
6387,1188
6388,1191
6388,1192
6412,1097
6423,215
6423,216
6475,547
6485,1345
6489,1535
6493,1548
6500,1353
6509,1335
6514,1575
6532,1448
6536,1453
6536,1456
6543,1450
6552,1464
6569,1334
6603,1218
6605,1545
6609,562
6613,1553
6617,563
6624,548
6628,1576
6635,1447
6635,1448
6638,1332
6644,1461
6644,1462
6647,1463
6650,1467
6656,1323
6662,1339
6671,1332
6671,1333
6698,1322
6717,1351
6722,1350
6731,661
6787,1331
6798,560
6798,561
6804,1544
6807,1538
6809,1331
6821,1580
6830,1349
6831,1325
6837,269
6860,1340
6865,1227
6870,1341
6875,1330
6886,1234
6887,1326
6888,210
6896,586
6918,1308
6926,1329
6958,1544
6965,1552
6975,1326
6980,1580
6981,1328
7011,1227
7014,1327
7035,1311
7039,1327
7043,245
7059,1320
7070,208
7086,1312
7107,1315
7114,1543
7126,1225
7129,1532
7133,1226
7139,1492
7141,254
7144,1489
7150,1485
7152,1470
7160,1480
7177,1317
7201,1498
7209,1232
7210,598
7221,1540
7224,1550
7224,1551
7235,1318
7250,1307
7251,1302
7251,1306
7254,1490
7263,1475
7271,208
7274,1318
7275,1231
7277,276
7277,278
7278,1559
7279,283
7302,1551
7308,1579
7317,1492
7321,1491
7323,1484
7325,1471
7329,1480
7329,1481
7336,257
7352,1541
7423,1471
7425,1481
7426,1474
7427,1304
7427,1305
7445,1300
7463,1251
7503,1523
7511,1240
7529,1531
7531,1530
7545,1241
7550,1304
7550,1472
7556,1296
7565,1297
7565,1298
7572,1482
7572,1483
7573,1472
7573,1473
7578,1482
7581,597
7585,590
7585,591
7601,1279
7615,258
7621,259
7626,262
7627,265
7638,1252
7650,266
7665,541
7723,1278
7732,1499
7732,1505
7737,1483
7737,1508
7739,1509
7754,1291
7754,1294
7762,599
7764,592
7770,1278
7782,1509
7785,1510
7820,1269
7837,539
7837,540
7860,1508
7861,1505
7874,1721
7878,1259
7878,1262
7890,1263
7893,1511
7897,1271
7897,1273
7916,1289
7916,1512
7943,1702
7943,1704
7953,1715
7993,1515
7993,1516
7998,1501
8011,1276
8015,530
8024,528
8029,1283
8038,1272
8041,1517
8043,532
8043,538
8047,1286
8056,1275
8061,1706
8063,610
8063,611
8068,602
8068,603
8072,527
8072,528
8085,1521
8110,1897
8186,479
8186,536
8192,1502
8192,1519
8209,1518
8253,1907
8254,526
8254,529
8263,527
8264,1727
8264,1730
8267,1725
8267,1731
8285,1898
8285,1899
8286,1895
8296,1910
8318,2063
8319,2062
8325,2053
8370,1713
8381,521
8381,526
8409,2064
8409,2066
8419,2061
8420,2059
8420,2060
8422,2058
8427,2055
8432,1866
8438,1899
8450,1708
8485,2057
8507,2052
8510,2060
8519,1862
8519,1863
8533,2067
8540,480
8540,481
8544,1901
8550,618
8550,619
8555,608
8561,2061
8566,2048
8570,2057
8572,2056
8603,2070
8603,2071
8604,2049
8608,2070
8609,2047
8609,2048
8610,2049
8611,2051
8614,1912
8615,1860
8615,1861
8622,606
8628,174
8628,175
8650,481
8650,482
8662,410
8672,2047
8674,607
8683,2043
8700,1900
8719,1892
8719,1893
8722,1876
8747,410
8759,175
8759,176
8775,1878
8777,1916
8779,2043
8788,1920
8789,1854
8798,482
8806,2043
8830,1917
8833,497
8840,2044
8856,1849
8861,1919
8864,1855
8872,1877
8875,1892
8897,177
8907,1739
8907,1740
8909,1850
8909,1853
8938,497
8939,483
8939,486
8942,501
8956,1745
8964,1740
8964,1741
8965,1848
8965,1849
8970,2031
8970,2039
8986,1918
9007,170
9038,177
9038,178
9042,633
9046,1881
9046,1882
9050,1930
9051,1925
9057,631
9057,633
9063,1745
9063,1746
9077,412
9085,1924
9108,1845
9121,412
9128,2034
9139,1750
9141,1744
9145,1934
9145,1935
9160,473
9168,1753
9168,1754
9173,405
9200,496
9209,622
9209,629
9212,2035
9218,1936
9218,1937
9229,2024
9244,472
9273,397
9273,398
9276,1942
9279,2035
9280,2027
9280,2033
9295,1942
9330,407
9330,416
9337,1946
9337,1947
9350,1885
9356,1887
9387,2090
9412,2020
9414,1943
9418,2021
9421,1840
9427,2015
9428,1956
9446,1945
9446,1946
9454,2014
9455,2017
9467,2009
9469,1944
9469,2001
9470,2013
9477,2016
9487,2009
9489,2013
9490,2010
9504,2012
9511,180
9517,1944
9521,2012
9566,2012
9569,417
9589,2011
9647,2088
9649,1813
9658,2006
9680,2086
9680,2087
9693,2094
9693,2095
9696,423
9704,2085
9719,1813
9719,1814
9726,1836
9727,2097
9743,450
9744,438
9744,440
9765,1963
9774,1993
9821,1994
9827,1960
9827,1968
9829,1963
9863,1991
9999,1967
9999,1968
10000,430
10008,1978
10009,1977
10013,164
10020,466
10033,432
10039,1831
10039,1834
10040,1835
10050,1781
10050,1782
10083,1830
10083,1970
10094,444
10095,447
10111,1831
10127,1981
10127,1982
10136,1979
10136,1980
10160,1972
10160,1974
10172,2100
10210,1980
10210,1990
10211,1974
10212,1979
10212,1990
10217,1983
10254,1779
10254,1780
10282,1809
10288,1824
10288,1983
10290,1987
10295,1793
10323,1989
10324,2102
10325,2105
10366,1984
10383,2105
10387,2109
10426,2271
10426,2272
10432,1788
10447,2479
10455,1820
10456,1988
10459,1786
10459,1789
10463,1787
10465,2103
10469,1985
10470,2112
10470,2114
10471,2104
10500,1786
10537,1801
10558,2341
10587,2339
10638,2391
10705,2328
10712,2390
10722,2347
10785,2389
10787,2458
10922,2375
10955,2370
10955,2372
11458,869
11485,1068
17502,2579
17582,1054
17582,1055
17620,861
17682,1022
17786,1634
17842,1168
17894,1173
18185,1246
18322,538
18445,1743
18594,1984
18629,2482
18655,883
18662,1004
18738,815
18766,1069
18772,1120
18784,1149
18824,1695
18826,1696
18840,1750
18841,1750
18844,1743
18853,1744
18864,1856
18868,1861
18895,1692
18908,188
18908,210
19000,1839
19009,1957
19097,1900
19100,1900
19108,1724
19114,1724
19118,284
19143,1210
19158,1102
19166,1174
19217,1226
19283,623
19313,478
19334,562
19356,1612
19371,1631
19372,1631
19373,2132
19380,2119
19389,953
19407,1023
19407,1025
19510,1367
19542,1585
19568,1453
19582,1454
19583,1453
19584,1454
19585,1455
19586,1487
19601,1286
19621,1992
19630,431
19633,404
19634,404
19659,425
19659,2094
19660,425
19666,431
19735,1333
19776,1955
19776,1958
19781,1769
19844,67
19849,859
19852,1071
19875,1729
19906,1588
19967,1518
19977,1222
19978,1221
19987,1674
25001,2994
25002,3000
25004,2868
25006,2915
25010,2858
25010,2859
25013,2987
25016,3017
25018,2962
25024,2855
25025,2857
25036,2683
25038,2699
25042,2711
25045,2702
25048,2701
25049,2686
25050,2698
25056,2708
25058,2709
25058,2710
25059,2709
25059,2713
25060,3051
25063,2712
25072,2700
25072,2707
25077,2700
25091,2699
25094,3052
25095,3053
25098,2684
25107,2698
25120,2656
25121,2659
25123,2627
25132,898
25132,899
25135,1438
25137,20
25137,86
25150,104
25152,1070
25152,1072
25160,2773
25163,2768
25169,1080
25169,1087
25171,223
25172,84
25172,85
25177,105
25179,1432
25180,2535
25180,2536
25186,1714
25200,2325
25201,2325
25206,2320
25208,2318
25208,2319
25220,12
25227,570
25230,899
25244,2541
25245,2534
25252,1758
25268,2318
25270,2321
25283,2314
25283,2316
25287,2710
25287,2715
25289,2736
25292,2723
25293,2715
25293,2722
25300,2735
25310,2741
25313,2735
25314,2633
25316,2633
25316,2639
25317,2637
25317,2638
25320,347
25323,318
25329,2216
25329,2219
25332,2227
25335,2260
25338,2229
25338,2238
25339,2220
25339,2221
25341,2215
25349,2759
25350,2758
25352,2718
25354,2716
25355,3050
25356,2714
25357,2713
25358,2714
25362,2717
25364,2716
25365,2717
25381,2721
25382,3048
25384,2726
25385,2739
25388,2726
25390,2718
25399,2719
25407,2757
25418,3049
25432,2647
25432,2648
25434,2630
25436,2706
25445,2691
25446,2687
25453,2691
25458,2689
25469,2702
25470,2701
25474,2733
25476,2732
25479,2722
25480,2720
25482,2733
25484,2690
25486,2704
25494,2688
25500,2703
25539,2696
25540,3054
25541,3055
25542,2628
25543,2695
25545,2695
25547,2687
25550,2685
25550,2686
25551,2685
25566,2629
25571,2729
25571,2730
25575,309
25580,2734
25586,2725
25591,2734
25592,2719
25595,2731
25599,2705
25599,2706
25607,2730
25609,2731
25621,2727
25626,313
25629,314
25630,312
25630,313
25640,311
25648,308
25670,344
25670,345
25672,342
25672,343
25675,315
25684,316
25692,340
25697,2693
25698,2694
25699,286
25713,2691
25719,2692
25728,301
25728,302
25731,2630
25746,285
25747,304
25747,305
25755,300
25759,306
25761,303
25767,303
25769,286
25770,287
25774,289
25775,319
25776,299
25776,304
25783,2645
25785,2631
25787,289
25789,287
25794,288
25797,2632
25802,2631
25805,2642
25808,2643
25818,2632
25819,292
25825,2644
25836,2742
25837,2760
25838,2743
25839,2762
25840,2744
25844,2748
25844,2749
25848,2222
25850,2764
25854,2751
25854,2752
25855,2745
25858,2761
25864,2761
25867,2740
25868,2747
25869,2746
25870,2746
25875,2737
25888,2736
25888,2737
25899,2748
25904,2750
25907,2775
25908,2772
25911,3047
25913,2774
25914,2776
25916,2773
25917,2774
25938,2770
25943,2769
25951,2755
25956,2224
25959,2226
25963,2223
25965,2225
25967,2223
25971,2226
25978,2225
25980,2769
25982,2772
25987,2771
25991,2767
25992,2765
25992,2766
25994,2239
25998,2769
26013,2766
26014,2238
26019,2260
26021,2768
26027,2261
26032,380
26032,381
26036,379
26044,333
26044,335
26045,334
26047,329
26047,330
26048,328
26048,368
26054,962
26056,922
26058,2178
26059,2178
26059,2179
26061,2205
26061,2206
26063,381
26063,382
26065,376
26065,390
26069,379
26069,387
26073,384
26073,385
26075,1690
26080,1685
26084,1628
26090,954
26092,912
26095,2201
26096,2207
26098,2191
26106,346
26107,349
26107,355
26109,2195
26110,350
26110,351
26111,2185
26113,349
26116,2209
26126,2728
26128,2217
26128,2218
26140,2208
26142,2210
26148,348
26150,341
26152,345
26155,341
26156,334
26156,356
26159,2194
26161,2198
26164,2200
26170,2199
26171,2193
26172,2192
26174,2190
26176,2190
26179,354
26179,355
26199,357
26200,357
26200,358
26201,356
26203,363
26205,353
26220,362
26223,359
26224,360
26235,361
26242,365
26245,364
26255,367
26270,949
26288,318
26291,323
26292,319
26296,323
26301,338
26309,324
26310,332
26315,336
26315,337
26317,331
26318,333
26321,2635
26325,938
26330,294
26332,293
26335,293
26338,2634
26344,2636
26346,937
26350,905
26352,905
26354,906
26361,904
26365,948
26368,959
26371,374
26372,960
26374,371
26375,326
26375,373
26377,326
26380,327
26383,327
26384,330
26385,331
26396,369
26397,375
26399,372
26401,958
26414,934
26421,908
26425,901
26425,903
26426,910
26428,918
26428,920
26429,931
26433,930
26441,911
26442,911
26445,899
26450,913
26451,900
26459,2133
26459,2134
26461,2234
26461,2235
26467,2234
26470,2187
26477,2156
26480,2203
26480,2230
26482,2205
26494,2204
26497,2202
26498,2189
26504,2233
26506,2188
26506,2233
26508,2188
26514,2233
26515,2234
26523,2180
26523,2181
26534,2172
26538,2182
26543,2171
26545,2184
26548,2179
26548,2180
26554,2182
26559,2181
26564,382
26564,383
26566,383
26566,386
26567,2177
26567,2180
26568,2179
26569,2177
26571,2116
26578,2176
26588,2175
26590,2176
26594,2123
26598,2122
26601,2120
26602,2123
26609,384
26609,386
26612,2163
26614,2159
26620,2160
26626,2160
26629,2163
26634,2162
26641,2164
26642,1686
26642,1689
26644,2129
26644,2130
26647,2173
26648,2128
26655,2175
26656,2175
26661,2174
26664,2174
26667,1688
26671,2172
26672,2174
26674,2230
26674,2237
26676,2240
26678,2235
26678,2236
26680,2254
26681,2253
26685,2236
26690,2258
26690,2259
26698,2257
26700,2249
26701,2241
26703,2252
26705,2250
26706,2251
26708,2251
26720,2137
26720,2138
26723,569
26725,1630
26731,2163
26736,2153
26736,2244
26737,2161
26738,2156
26743,2161
26753,2139
26753,2140
26764,2167
26764,2169
26770,1690
26816,2246
26833,2245
26834,2151
26836,2140
26851,2150
26852,2151
26858,2142
26859,2141
26861,579
26869,2149
26874,2148
26880,2148
26885,2147
26892,2135
26893,2135
26895,1633
26906,1623
26909,1622
26922,1622
26927,1644
26927,1645
26930,930
26935,976
26941,1044
26943,995
26945,882
26946,990
26964,1384
26965,1384
26969,1684
26975,1646
26977,993
26979,964
26983,965
26983,966
26985,967
26987,984
26987,985
26988,985
26991,391
26993,392
26995,377
26995,389
26996,388
27009,389
27010,388
27016,390
27027,393
27030,391
27030,394
27033,967
27033,968
27034,1675
27034,1676
27035,1677
27035,1678
27042,1679
27042,1680
27050,1687
27052,1650
27055,1652
27057,1655
27058,1656
27060,1657
27069,1653
27074,1651
27083,1652
27091,1681
27092,1682
27094,1683
27110,1650
27111,1648
27111,1651
27114,1648
27115,1647
27117,1659
27123,1660
27124,1649
27128,1647
27139,979
27139,980
27142,983
27142,984
27154,987
27154,988
27155,981
27155,987
27156,986
27159,989
27159,991
27161,991
27164,1007
27166,893
27167,975
27169,1003
27173,1009
27175,887
27175,888
27178,1008
27187,926
27189,923
27196,929
27200,925
27201,917
27211,913
27211,914
27212,914
27213,916
27217,915
27221,999
27221,1000
27228,998
27233,974
27250,995
27251,994
27255,995
27260,996
27275,1043
27282,896
27285,1007
27300,986
27301,1424
27303,1413
27309,1409
27325,1668
27326,1669
27329,1664
27350,1639
27368,1038
27368,1039
27369,1018
27369,1032
27371,1024
27380,1033
27394,1411
27398,1025
27399,1408
27413,1409
27419,1034
27419,1035
27420,1030
27423,1031
27424,1027
27427,1028
27433,1040
27436,1586
27437,1416
27446,1414
27447,1413
27452,1418
27453,1412
27454,1422
27459,1421
27465,1417
27468,1588
27471,1404
27472,1410
27482,1402
27490,1410
27494,1411
27518,1405
27531,1381
27545,1401
27547,1400
27551,1390
27551,1391
27567,1428
27570,1426
27578,1396
27586,1397
27588,1430
27589,1431
27602,1395
27610,1375
27619,1133
27619,1138
27620,1122
27621,1055
27621,1056
27639,1051
27659,1041
27661,1040
27679,1150
27681,1139
27706,1061
27707,1060
27711,1062
27716,1062
27717,1061
27720,1069
27728,1057
27729,1058
27733,1121
27733,1131
27741,1065
27764,1158
27765,1159
27781,1142
27781,1145
27784,1138
27784,1141
27785,1142
27812,1369
27822,1076
27829,1118
27843,1129
27847,1128
27850,1123
27857,1112
27858,1116
27869,1125
27881,1126
27881,1127
27899,1171
27905,1089
27905,1090
27911,2671
27913,2625
27915,2617
27915,2618
27918,2569
27920,2532
27920,2535
27922,2532
27925,2672
27927,2653
27935,2610
27937,2607
27937,2608
27938,2603
27939,2626
27941,2558
27943,2603
27944,2615
27948,3056
27949,2605
27949,2606
27951,2614
27953,2612
27954,2613
27958,2612
27960,2613
27965,2606
27966,2611
27979,2556
27994,2557
28008,2555
28010,3058
28019,2624
28020,2650
28020,2653
28022,2640
28029,2640
28033,2614
28035,2619
28035,2620
28036,2615
28038,2646
28041,2646
28049,2616
28052,2620
28059,2608
28059,2609
28060,2609
28060,2623
28072,2622
28077,2621
28097,2641
28098,2641
28103,2640
28105,2616
28108,2654
28118,2619
28120,2623
28131,2561
28137,2571
28140,2560
28144,3057
28164,2559
28174,2573
28178,2572
28179,2562
28180,2564
28197,2563
28198,2565
28217,2561
28226,3059
28230,2571
28242,2583
28249,2584
28249,2586
28250,2588
28257,2575
28258,2577
28262,2600
28265,3060
28269,2601
28270,2599
28271,780
28273,2597
28276,29
28276,30
28280,26
28282,34
28283,30
28284,33
28292,790
28295,2566
28300,2662
28302,2669
28305,2649
28310,2579
28315,777
28317,2580
28320,2676
28323,2668
28326,2660
28330,2675
28333,2655
28335,2660
28338,2655
28343,2656
28345,2654
28350,2649
28353,2657
28355,2657
28366,2658
28384,2657
28397,2680
28403,2681
28404,2673
28412,2679
28413,2576
28420,2674
28427,2578
28427,2580
28431,2682
28463,777
28467,779
28468,778
28479,2676
28524,791
28526,791
28540,2678
28542,2666
28545,2677
28545,2678
28550,2676
28558,2665
28564,2664
28578,2677
28586,2663
28588,2669
28589,2668
28598,2667
28630,2592
28633,2592
28634,2591
28638,2574
28643,2568
28654,2591
28658,2574
28662,2593
28666,803
28666,804
28668,62
28675,36
28675,39
28680,71
28680,73
28684,35
28690,46
28694,803
28698,802
28699,801
28701,811
28701,812
28708,797
28708,804
28712,871
28713,785
28713,871
28716,808
28718,811
28721,789
28722,806
28726,782
28727,781
28729,787
28732,786
28734,785
28734,786
28742,794
28750,793
28753,789
28758,792
28760,793
28769,798
28771,799
28774,797
28774,800
28791,873
28794,876
28795,874
28800,876
28819,865
28820,868
28822,805
28822,810
28823,807
28824,810
28825,806
28829,2588
28831,2587
28835,2587
28878,2663
28892,2662
28911,2670
28913,2670
28919,2585
28925,2590
28928,2589
28931,2590
28937,2589
28942,2594
28944,42
28945,39
28945,42
28949,61
28951,43
28954,44
28954,45
28956,802
28967,60
28972,59
28972,63
28974,46
28977,45
28989,33
28991,37
28992,36
28993,36
29006,34
29023,845
29034,826
29035,819
29038,853
29044,852
29044,853
29049,858
29049,860
29051,855
29053,860
29058,847
29058,864
29059,855
29073,855
29073,856
29079,853
29081,854
29092,846
29095,846
29096,850
29096,851
29109,812
29109,813
29110,816
29112,818
29122,818
29126,70
29130,835
29131,1079
29133,838
29143,844
29144,825
29147,842
29148,844
29153,843
29158,1079
29159,1078
29164,836
29164,837
29169,99
29171,822
29171,823
29173,825
29179,820
29190,824
29198,235
29202,233
29205,235
29207,83
29209,101
29210,100
29223,79
29223,86
29224,77
29229,55
29231,54
29237,56
29239,57
29239,64
29241,57
29243,50
29246,50
29249,47
29249,48
29253,53
29256,72
29257,54
29263,28
29263,35
29265,35
29270,74
29272,80
29272,82
29279,80
29295,83
29296,83
29302,21
29302,22
29303,21
29305,78
29308,79
29320,16
29321,15
29327,2533
29331,3
29332,2537
29334,2538
29336,2595
29336,2596
29341,2598
29342,2596
29345,32
29348,32
29363,2599
29380,30
29385,2539
29390,3
29392,34
29395,3
29395,4
29396,31
29399,31
29402,2
29404,4
29412,25
29414,26
29416,24
29419,6
29420,24
29421,25
29429,4
29431,5
29435,5
29436,15
29438,2540
29451,2541
29471,2531
29480,2531
29487,3061
29497,709
29499,741
29500,2822
29500,2826
29502,754
29502,757
29507,741
29507,745
29508,745
29512,2372
29513,2364
29515,2876
29516,2461
29516,2462
29519,751
29519,752
29523,752
29523,753
29524,774
29525,2813
29525,2814
29526,2840
29526,2841
29528,2821
29529,2453
29529,2461
29538,2452
29544,2830
29544,2831
29545,2451
29547,2800
29550,2805
29555,2856
29559,698
29559,700
29572,2447
29580,2779
29583,2778
29585,2778
29587,2783
29599,3046
29600,2787
29614,2779
29615,2777
29621,703
29621,704
29623,2781
29623,2782
29633,2780
29634,2789
29638,2788
29651,2780
29654,2768
29664,2262
29677,2263
29678,701
29678,702
29685,705
29685,708
29686,707
29686,708
29690,2795
29697,2794
29702,2824
29702,2825
29703,3045
29704,2823
29707,2815
29708,2810
29710,2818
29711,2819
29718,2816
29718,2817
29719,2809
29730,742
29749,743
29749,744
29756,2820
29771,2811
29777,2812
29798,2464
29812,513
29820,514
29827,1765
29827,1766
29844,724
29851,465
29861,462
29862,2485
29873,492
29873,493
29876,710
29878,719
29878,720
29879,1965
29884,1991
29885,1766
29888,723
29903,499
29903,523
29904,645
29906,652
29911,716
29915,695
29916,696
29916,699
29925,717
29925,718
29937,694
29941,695
29942,701
29943,679
29943,680
29945,669
29960,2256
29968,2254
29971,2255
29991,667
29992,675
30013,678
30016,672
30016,677
30023,678
30024,679
30028,677
30035,665
30035,669
30036,664
30040,668
30046,686
30049,685
30051,653
30060,691
30060,693
30061,687
30062,692
30065,690
30068,688
30070,644
30070,689
30071,645
30071,684
30074,684
30078,647
30087,566
30087,568
30089,584
30089,589
30102,559
30111,560
30118,663
30126,583
30126,662
30130,584
30130,585
30131,580
30140,581
30141,578
30146,581
30155,581
30155,582
30156,573
30156,574
30159,659
30184,659
30186,665
30192,587
30196,582
30198,588
30210,564
30216,1620
30218,1617
30228,551
30228,552
30229,559
30242,558
30245,557
30254,558
30256,550
30257,549
30266,1534
30273,1534
30282,601
30283,595
30289,600
30299,658
30303,657
30305,654
30321,596
30323,595
30326,601
30329,649
30331,651
30333,613
30349,612
30355,650
30360,646
30366,651
30367,615
30369,616
30369,617
30371,614
30380,650
30381,618
30400,544
30403,553
30406,557
30412,556
30413,554
30421,553
30426,554
30429,543
30433,545
30436,543
30449,542
30468,555
30477,711
30477,713
30482,709
30483,699
30490,697
30491,696
30492,642
30495,640
30495,643
30498,644
30499,640
30500,639
30503,643
30506,639
30508,641
30510,641
30510,697
30511,642
30519,711
30520,713
30521,714
30521,715
30523,712
30523,713
30530,505
30532,622
30535,624
30536,717
30543,636
30545,716
30548,646
30548,648
30552,648
30552,649
30559,604
30561,605
30569,636
30579,635
30582,635
30584,634
30586,631
30596,620
30605,622
30606,621
30609,524
30609,525
30616,605
30619,501
30619,523
30620,522
30627,524
30628,524
30637,504
30639,625
30639,723
30640,624
30642,718
30642,721
30644,627
30648,626
30650,623
30652,630
30658,628
30660,721
30662,720
30664,511
30665,510
30666,510
30669,512
30671,504
30679,505
30685,510
30694,508
30699,495
30700,507
30707,625
30709,515
30712,511
30712,513
30724,1901
30728,1284
30733,2054
30738,1519
30739,1737
30757,1348
30763,1993
30767,1490
30774,1485
30775,1470
30783,1541
30785,1565
30806,1604
30806,1605
30807,1611
30811,1611
30821,1589
30836,1539
30837,1552
30838,1549
30841,1539
30842,1545
30846,1553
30850,1543
30863,1550
30870,1567
30871,1567
30871,1572
30874,1576
30876,1566
30878,1566
30878,1573
30880,1575
30883,1581
30889,1573
30901,1568
30906,1561
30906,1568
30914,1572
30918,1571
30918,1577
30927,1442
30927,1443
30931,1354
30931,1355
30932,1356
30933,1457
30933,1458
30937,1486
30939,1487
30942,1437
30951,1364
30953,1459
30956,1359
30963,1361
30965,1360
30990,1496
30994,1488
30997,1465
31002,1469
31008,1461
31009,1464
31014,1352
31014,1353
31016,1352
31019,1466
31022,1479
31027,1478
31029,1477
31030,1476
31033,1468
31037,1526
31044,1542
31052,1578
31061,1524
31063,1525
31065,409
31066,1514
31069,1500
31074,2062
31076,1515
31080,1289
31094,1506
31106,1295
31115,1504
31116,1503
31119,1504
31119,1507
31142,1287
31147,1512
31149,1290
31157,1288
31162,1287
31164,2055
31164,2058
31167,1170
31170,1224
31176,261
31176,264
31177,283
31177,1247
31183,1867
31201,1235
31212,1208
31213,1207
31223,1357
31224,1359
31228,1202
31236,1204
31239,1203
31241,1201
31250,1198
31251,1197
31252,1195
31252,1196
31256,1220
31262,1193
31262,1194
31274,1325
31279,1337
31280,1343
31284,1344
31293,1324
31294,1323
31297,1336
31305,1314
31309,1316
31310,1328
31314,1190
31314,1223
31315,1217
31320,1219
31330,1085
31334,270
31340,1094
31342,1182
31342,1187
31343,1180
31346,1179
31369,1181
31372,1092
31376,1098
31382,1095
31389,282
31391,279
31391,280
31397,279
31399,268
31412,1267
31412,1271
31413,1281
31414,1281
31415,1273
31416,1264
31422,1899
31424,1299
31432,1297
31436,1279
31439,1255
31440,1242
31440,1243
31441,1250
31442,1251
31443,1252
31444,1253
31445,1245
31462,1268
31462,1269
31465,1254
31469,1256
31479,1257
31487,1282
31519,1896
31520,1264
31520,1265
31525,1262
31527,1261
31546,1872
31547,1895
31552,1716
31553,274
31553,275
31556,1717
31560,1722
31564,1257
31565,277
31566,275
31580,274
31581,263
31582,1260
31582,1261
31584,1725
31585,1868
31587,1260
31589,1726
31589,1728
31592,1719
31600,1718
31606,1720
31618,402
31623,2036
31651,484
31654,477
31655,476
31658,498
31662,409
31671,473
31671,474
31672,488
31674,487
31675,486
31677,485
31678,483
31678,484
31686,474
31690,487
31703,2080
31709,2046
31711,2076
31726,2068
31726,2069
31730,2073
31733,2072
31738,2074
31741,2050
31743,2050
31745,2056
31760,1913
31767,2078
31768,2079
31772,2081
31783,2045
31788,2040
31798,471
31803,417
31803,418
31805,451
31805,452
31807,494
31808,489
31810,490
31811,490
31811,491
31814,496
31819,471
31820,406
31820,407
31821,415
31829,414
31831,413
31837,413
31839,408
31841,470
31841,491
31842,451
31849,469
31849,470
31859,440
31874,441
31874,442
31875,2089
31876,2083
31879,2093
31893,2082
31899,2089
31903,399
31903,400
31905,420
31905,422
31905,423
31906,2091
31906,2092
31908,2091
31916,2023
31920,2025
31925,2027
31925,2028
31927,2032
31927,2033
31928,1936
31933,2090
31944,2020
31946,2022
31948,2019
31950,2014
31951,2021
31960,426
31960,427
31967,2090
31974,2096
31976,2095
31979,2095
31987,2084
31990,2088
32000,2093
32003,2084
32019,2011
32023,2007
32025,2007
32040,2000
32046,2000
32064,1846
32066,1747
32068,1839
32074,1743
32076,1934
32080,1749
32081,1856
32083,1877
32085,1914
32085,1915
32099,1903
32099,1904
32103,1919
32108,1920
32110,1875
32111,1876
32111,1893
32113,1873
32113,1874
32114,1873
32114,1894
32115,1873
32127,1931
32127,1932
32130,1922
32130,1923
32131,1926
32132,1927
32132,1928
32138,1921
32144,1922
32148,1933
32149,1950
32165,1891
32166,1880
32174,1881
32175,1851
32176,1889
32187,1738
32188,1709
32188,1711
32197,1733
32199,1859
32202,1736
32203,1732
32203,1865
32214,1734
32219,1858
32222,1856
32226,1857
32242,1712
32247,1710
32247,1711
32251,1746
32254,1710
32259,1746
32261,1749
32267,1885
32276,1945
32279,1948
32280,1947
32282,1940
32284,1938
32286,1939
32294,1946
32303,1940
32311,1888
32311,1954
32312,1884
32323,1884
32325,1843
32327,1842
32333,1886
32335,1886
32335,1887
32339,1962
32341,1962
32341,1997
32342,1961
32344,1959
32348,1995
32356,1976
32363,1836
32364,1838
32374,1838
32382,1837
32383,1815
32387,1762
32390,1760
32390,1764
32391,1840
32394,1761
32395,1742
32398,1743
32403,1841
32404,1846
32412,1761
32417,1748
32417,1759
32420,1757
32430,1812
32433,1763
32434,1759
32434,1765
32440,1766
32449,732
32452,733
32452,735
32461,736
32462,735
32463,732
32473,737
32477,739
32479,738
32481,719
32520,725
32533,729
32534,736
32535,730
32545,2483
32547,2482
32551,2481
32554,2483
32559,749
32559,758
32560,766
32561,768
32573,760
32582,764
32585,764
32587,732
32587,770
32602,762
32602,763
32608,759
32618,771
32619,769
32621,770
32622,769
32628,765
32633,765
32656,766
32674,2465
32676,2466
32683,772
32684,774
32688,773
32697,760
32700,761
32707,773
32708,768
32719,762
32723,767
32737,2463
32741,1977
32744,2410
32744,2411
32748,2413
32761,2468
32762,2457
32776,2433
32777,2350
32780,2331
32782,2431
32786,445
32793,2480
32793,2481
32801,2471
32802,2115
32808,435
32814,447
32814,457
32822,453
32823,454
32823,456
32828,460
32833,467
32833,468
32841,455
32845,456
32845,460
32856,443
32857,448
32857,449
32870,443
32876,443
32878,459
32894,446
32895,2478
32902,2476
32903,2106
32906,428
32906,429
32910,433
32918,1978
32928,2113
32928,2114
32931,2112
32940,2457
32942,2472
32943,2469
32943,2470
32946,2422
32946,2474
32948,2480
32954,2473
32956,2469
32971,2468
32972,2467
32975,2456
32975,2474
32983,2419
32989,2425
32989,2431
32990,2110
32990,2111
32992,2423
33006,2420
33008,2418
33011,2111
33014,2421
33015,2420
33023,2110
33025,2417
33038,2416
33040,2416
33042,2417
33055,2424
33057,2422
33061,2435
33067,2423
33076,2425
33076,2427
33089,1809
33091,1986
33091,1988
33096,1986
33105,1823
33107,1788
33108,1822
33108,1823
33129,1980
33130,1809
33130,1817
33131,1827
33134,1817
33135,1982
33138,1971
33141,1967
33145,1966
33151,1994
33154,1976
33158,1965
33168,1970
33169,1969
33171,1974
33173,1982
33176,1973
33178,1973
33187,1972
33188,1816
33189,1830
33189,1831
33198,1834
33201,1833
33215,1829
33218,1816
33220,1832
33223,1987
33236,1805
33236,1818
33239,1825
33239,1826
33242,1825
33246,1822
33248,1818
33248,1819
33263,1791
33264,1797
33265,1796
33272,1795
33274,1794
33274,1795
33285,1808
33287,1795
33287,1797
33293,1765
33294,1794
33295,1782
33304,1805
33307,1799
33310,1806
33312,1807
33317,1792
33318,1798
33320,1798
33324,1797
33331,1804
33337,1800
33338,1790
33339,1790
33339,1791
33340,1792
33340,1793
33345,2345
33345,2346
33354,2393
33355,2392
33370,2415
33374,2414
33376,2395
33379,2395
33380,2394
33387,2342
33388,1821
33391,1819
33392,1804
33401,2344
33408,2343
33423,2399
33424,2400
33442,2351
33443,2326
33443,2327
33454,2337
33463,1803
33472,2340
33476,2338
33480,1787
33482,2349
33492,2330
33496,2329
33499,2436
33502,2438
33506,2446
33507,2446
33513,2437
33521,2436
33521,2456
33525,2439
33527,2431
33529,2429
33529,2439
33533,2440
33535,2429
33539,2438
33540,2434
33544,2436
33545,2434
33547,2435
33551,2432
33582,2430
33589,2428
33603,2441
33609,2437
33610,2438
33630,2441
33635,2429
33635,2440
33638,2439
33646,2453
33646,2454
33646,2455
33647,2446
33647,2453
33650,2445
33652,2445
33654,2442
33655,2442
33657,2440
33657,2443
33659,2443
33660,2442
33667,2409
33669,2445
33672,2444
33674,2332
33675,2353
33678,2354
33678,2355
33679,2335
33679,2355
33684,2377
33684,2379
33685,2380
33686,2403
33688,2350
33689,2353
33692,2388
33695,2351
33695,2352
33697,2387
33698,2352
33698,2354
33699,2336
33699,2337
33702,2335
33702,2336
33708,2332
33710,2331
33715,2408
33719,2405
33721,2404
33723,2404
33723,2409
33727,2378
33727,2386
33729,2386
33733,2405
33733,2406
33737,2385
33738,2386
33740,2385
33740,2406
33749,2376
33750,2375
33755,2360
33756,2361
33767,2358
33769,2334
33771,2334
33772,2333
33777,2359
33777,2360
33789,2366
33789,2369
33790,2373
33793,2374
33802,2368
33809,2371
33812,2370
33812,2371
33814,2372
33814,2373
33828,2362
33830,2367
33838,2365
33840,2365
33841,2366
33852,2316
33854,2317
33856,2837
33857,2838
33859,2804
33861,2832
33861,2833
33862,2834
33862,2835
33869,2827
33870,3044
33871,2831
33872,2828
33874,2829
33875,3043
33883,2841
33884,2821
33894,2836
33898,2839
33913,2799
33942,2806
33942,2807
33946,2804
33951,2801
33968,2808
33969,3042
33971,3041
33976,2848
33978,2875
33981,2880
33984,2882
33986,2847
33988,2946
33989,2952
33989,2955
33992,2951
33995,2842
33996,2844
33996,2845
33997,2843
33999,2875
34003,776
34009,755
34010,756
34012,756
34012,776
34019,2798
34020,2796
34021,2796
34029,2846
34030,2846
34032,2844
34033,2845
34035,2881
34040,2881
34045,2891
34050,2448
34050,2449
34056,2938
34062,2936
34065,2407
34065,2408
34067,2934
34068,2450
34069,2447
34070,2444
34073,2935
34077,2937
34078,2935
34081,2933
34099,2932
34101,2925
34102,2930
34104,2901
34121,2932
34134,2926
34134,2927
34137,2900
34147,2939
34148,2942
34150,2931
34159,2951
34161,2884
34162,2888
34165,2878
34165,2885
34169,2886
34174,2883
34175,2879
34183,2950
34185,2889
34187,2949
34190,2948
34191,2945
34194,2903
34194,2943
34209,2849
34210,2853
34210,2854
34211,2851
34212,2874
34214,2873
34218,2870
34221,2872
34224,2869
34226,2869
34230,2851
34231,2962
34233,2965
34234,2966
34234,2967
34238,2972
34241,2971
34244,2953
34244,2954
34246,2953
34255,2954
34255,2956
34257,2956
34259,2867
34266,2968
34267,2962
34271,2964
34273,2914
34273,2915
34275,2915
34288,2305
34288,2312
34290,3033
34299,2507
34307,2291
34309,2551
34310,136
34310,138
34315,2529
34320,2494
34323,160
34324,146
34326,138
34327,139
34330,15
34335,153
34352,151
34356,2486
34360,107
34364,112
34364,121
34367,120
34368,123
34368,124
34375,199
34376,197
34376,200
34378,118
34380,1694
34380,1701
34388,126
34391,118
34394,133
34396,260
34399,204
34399,205
34407,213
34407,214
34410,241
34413,831
34413,1081
34417,1083
34421,256
34427,243
34434,211
34437,110
34439,217
34442,110
34449,101
34453,101
34458,102
34463,103
34466,102
34469,215
34475,216
34477,209
34478,217
34483,251
34501,200
34504,1693
34504,1694
34510,253
34513,258
34515,250
34521,203
34528,201
34534,1705
34534,1706
34536,1692
34537,1693
34540,1707
34543,199
34544,200
34545,201
34566,190
34568,192
34575,111
34575,112
34577,186
34577,187
34579,187
34581,188
34592,111
34594,194
34594,195
34599,196
34621,195
34624,185
34624,186
34625,122
34630,115
34632,115
34636,113
34639,112
34639,113
34647,93
34649,95
34653,96
34653,105
34659,107
34660,108
34662,94
34663,92
34663,94
34666,114
34668,92
34669,20
34672,19
34676,16
34684,17
34687,18
34688,17
34693,119
34695,121
34696,113
34698,114
34701,119
34704,125
34707,126
34716,135
34718,116
34723,134
34725,131
34728,117
34734,139
34736,1754
34745,168
34745,178
34750,1697
34750,1699
34752,1697
34755,171
34755,176
34757,1696
34762,173
34762,174
34763,172
34767,1752
34770,184
34770,193
34770,194
34772,184
34779,197
34781,193
34793,182
34796,179
34799,166
34801,1755
34805,1756
34807,1757
34818,1756
34826,1768
34827,1758
34829,1756
34843,1768
34850,169
34860,181
34860,182
34862,181
34875,130
34877,126
34877,128
34884,129
34885,124
34887,129
34895,128
34899,127
34906,151
34910,152
34912,159
34918,153
34923,138
34928,144
34929,2543
34938,2542
34938,2543
34941,142
34942,137
34944,9
34944,11
34946,8
34946,9
34952,14
34954,17
34955,12
34956,11
34958,14
34961,14
34972,10
34973,137
34975,18
34976,13
34979,13
34981,10
34982,11
34986,13
34996,141
34996,142
35003,137
35005,141
35007,140
35012,144
35020,2541
35027,2547
35066,2546
35074,2545
35089,2544
35105,2550
35109,2548
35133,2549
35152,145
35153,149
35159,140
35180,148
35181,149
35189,145
35191,146
35193,147
35194,148
35200,2530
35212,2552
35222,2529
35223,2511
35228,2512
35232,2272
35234,2278
35236,2292
35244,2493
35247,2495
35248,2323
35252,2273
35253,2280
35254,2278
35263,163
35265,2299
35265,2300
35272,2299
35278,2298
35279,2295
35279,2296
35283,1777
35283,1779
35286,1770
35286,1771
35289,1777
35291,1770
35291,1778
35293,1778
35313,161
35316,162
35338,2296
35343,2324
35344,2301
35350,2301
35353,2300
35354,2301
35360,2296
35365,2302
35377,2298
35380,2302
35385,2297
35386,2298
35388,2294
35389,2294
35393,2267
35399,2269
35400,2267
35401,2264
35402,2270
35408,153
35420,157
35422,156
35425,156
35427,154
35432,155
35447,2490
35457,2488
35462,2275
35467,2274
35468,2273
35469,2274
35471,2268
35476,2279
35481,2279
35484,2491
35486,2492
35490,2266
35491,2265
35499,2489
35522,2492
35530,2303
35530,2304
35532,2304
35536,2322
35541,2321
35544,2323
35546,2322
35554,2315
35560,2313
35563,2318
35565,2316
35567,2304
35568,2305
35570,2286
35570,2287
35578,2276
35579,2282
35594,2283
35600,2277
35606,2281
35608,2283
35609,2284
35623,2495
35640,2497
35656,2292
35658,2287
35666,2288
35671,2498
35678,2500
35681,2518
35685,2525
35688,2520
35691,2526
35693,2520
35696,2493
35698,2517
35720,2519
35723,2487
35728,2521
35742,2519
35751,2515
35752,2516
35760,2513
35782,2517
35793,2514
35817,2508
35836,2496
35853,2508
35876,2499
35889,2509
35904,2507
35916,2524
35916,2525
35929,2524
35934,2554
35940,2553
35944,2553
35947,3031
35950,2552
35953,2511
35961,2510
35982,2526
35986,3032
35987,2527
36004,2528
36012,2922
36018,2909
36024,2911
36024,2913
36026,2991
36029,3008
36031,3006
36038,3029
36038,3030
36040,3023
36040,3024
36049,2896
36052,3012
36052,3013
36053,3009
36054,3005
36055,3010
36055,3011
36056,3007
36057,3013
36060,2895
36062,2308
36063,2892
36064,2894
36066,2315
36067,2307
36070,2306
36071,2893
36083,2924
36090,2907
36097,2923
36099,2976
36107,2977
36110,2506
36114,2505
36117,2503
36120,2500
36136,2975
36140,2973
36149,2976
36150,2982
36152,2977
36152,2979
36153,2981
36162,2504
36167,2980
36169,2974
36184,3016
36184,3017
36187,2921
36188,2921
36191,2908
36202,3015
36203,3014
36204,2919
36206,2919
36208,2918
36208,2919
36209,2920
36220,3028
36223,3024
36229,2985
36231,2997
36235,2987
36237,2986
36239,2984
36240,2999
36243,2998
36245,2986
36246,2992
36247,3000
36248,2992
36249,2995
36250,3001
36250,3002
36253,3003
36262,3034
36263,3004
36271,2916
36274,2863
36276,3040
36277,2864
36278,2861
36283,2864
36286,2865
36287,2960
36288,3038
36289,2959
36290,3039
36292,2959
36293,2866
36294,2961
36296,2916
36299,2960
36302,2917
36312,2918
36313,2918
36314,3037
36317,3018
36322,3020
36326,3021
36327,3019
36328,3022
36331,3036
36332,3035
36333,2993
36335,2993
40014,2852
40105,1667
40106,1540
40143,1137
40159,1244
40215,1404
40226,1637
40236,2850
40237,922
40238,924
40239,924
40239,927
40240,2570
40241,2567
40242,2582
40243,2581
40244,2651
40245,2652
40246,2661
40250,2602
40250,2604
40251,2697
40252,2723
40252,2724
40253,2214
40254,2213
40255,2212
40256,2211
40257,2196
40258,2195
40258,2197
40259,352
40260,306
40260,307
40261,378
40262,370
40263,317
40264,339
40265,310
40266,325
40267,320
40267,321
40268,322
40269,296
40269,297
40270,320
40271,298
40272,291
40273,290
40273,291
40274,295
40274,296
40275,292
40276,2763
40277,2754
40278,2753
40279,2756
40280,2228
40281,2243
40282,2243
40282,2247
40283,2242
40283,2249
40284,2159
40285,2157
40286,2158
40287,2121
40288,2127
40289,2170
40290,2168
40291,2141
40291,2143
40292,2248
40293,2785
40293,2786
40294,2790
40294,2791
40295,2792
40295,2793
40296,2783
40296,2784
40297,2797
40298,2802
40298,2803
40299,757
40299,775
40300,734
40300,759
40301,737
40301,748
40302,750
40303,740
40304,671
40305,670
40306,682
40306,683
40307,681
40308,603
40308,609
40309,593
40310,594
40312,421
40312,422
40313,424
40314,419
40314,420
40315,436
40315,437
40316,439
40317,434
40318,727
40319,632
40320,722
40321,502
40321,503
40322,519
40322,520
40323,516
40323,517
40324,518
40324,521
40325,546
40326,531
40326,532
40327,533
40327,534
40328,537
40329,535
40330,509
40330,511
40331,463
40331,464
40332,461
40333,457
40333,458
40335,411
40336,401
40336,403
40337,404
40338,396
40339,147
40339,150
40340,2522
40340,2523
40342,2501
40342,2502
40343,2285
40344,2293
40345,2288
40345,2289
40346,2290
40346,2291
40347,2309
40348,2310
40348,2311
40349,2897
40350,2356
40350,2359
40351,2357
40352,2383
40352,2384
40353,2381
40354,2382
40355,2348
40356,2395
40356,2396
40357,2397
40358,2398
40359,2401
40360,2454
40362,2402
40362,2411
40363,2459
40364,2475
40365,2477
40366,143
40367,1096
40368,2859
40368,2860
40369,2862
40370,2870
40370,2871
40371,2870
40372,2867
40373,2887
40374,2890
40376,2929
40377,2928
40378,2940
40379,2941
40380,2902
40381,2943
40382,2944
40383,2914
40384,2969
40385,2970
40388,2947
40390,2899
40391,2898
40392,2363
40393,2910
40394,2905
40395,2906
40396,2904
40397,2912
40398,3014
40399,3015
40400,3026
40400,3027
40401,3025
40402,2978
40403,2983
40404,2990
40405,2989
40406,2988
40407,2996
40408,2957
40409,2963
40410,2958
40411,2877
40412,2876
40413,23
40414,27
40415,41
40416,40
40417,75
40418,51
40418,52
40419,51
40420,49
40421,76
40422,82
40423,81
40424,87
40425,88
40426,89
40426,93
40427,90
40427,91
40428,58
40429,60
40430,814
40431,66
40432,97
40432,98
40433,227
40433,231
40434,228
40435,229
40436,231
40437,230
40438,232
40439,233
40439,234
40440,226
40441,218
40441,219
40442,219
40442,220
40443,108
40443,109
40444,95
40444,106
40445,189
40445,207
40446,206
40447,205
40448,211
40449,202
40450,185
40451,183
40452,158
40453,167
40454,165
40454,166
40455,164
40456,1768
40456,1769
40457,1767
40458,1772
40458,1776
40459,1774
40460,1764
40461,1780
40461,1783
40462,1785
40463,1784
40464,1775
40465,1812
40466,1811
40467,1810
40468,1802
40469,1819
40470,1825
40470,1828
40471,1975
40472,1964
40473,1996
40474,1999
40475,1998
40476,2002
40477,2003
40478,2004
40479,2005
40480,2006
40481,2010
40482,2008
40483,1163
40484,132
40485,38
40486,796
40486,806
40487,795
40488,788
40489,817
40490,809
40490,870
40492,848
40493,863
40494,841
40495,851
40497,242
40498,255
40499,252
40500,246
40501,245
40501,247
40502,244
40502,254
40503,212
40504,239
40505,221
40506,222
40507,832
40507,833
40508,248
40510,249
40511,198
40512,1703
40513,1700
40514,1717
40514,1718
40515,1082
40516,1084
40517,1099
40518,1710
40519,1698
40519,1751
40520,1730
40521,1726
40522,1723
40523,277
40524,1248
40524,1258
40525,1249
40527,1865
40528,1864
40529,1735
40530,1739
40531,1847
40532,1844
40533,1852
40534,1883
40534,1889
40535,1879
40536,1890
40537,1951
40537,1952
40538,1949
40539,1948
40539,1953
40540,1938
40540,1941
40541,1943
40541,2018
40542,2029
40542,2032
40543,2030
40544,2034
40545,1929
40546,2037
40547,2038
40548,2081
40549,2079
40550,2076
40550,2077
40551,2075
40552,2065
40553,1497
40554,1494
40555,1493
40556,1495
40557,1446
40558,1449
40560,1574
40561,1570
40562,1569
40563,1527
40563,1528
40564,1529
40565,1558
40566,1560
40567,1557
40568,1556
40569,1555
40570,1562
40571,1563
40572,1590
40572,1592
40573,1603
40574,1599
40576,1640
40577,1638
40578,1673
40579,1670
40580,1691
40581,1627
40582,1628
40582,1632
40584,1428
40584,1430
40585,1403
40586,1398
40588,1366
40589,1356
40590,1309
40591,1293
40592,1294
40593,1347
40594,1342
40595,1301
40596,1315
40597,1313
40598,1316
40599,1636
40601,1373
40602,1371
40603,1370
40604,1160
40605,1157
40606,1377
40607,1390
40608,1391
40608,1392
40609,1393
40610,1374
40611,1368
40612,1288
40613,1513
40614,1292
40616,1456
40618,1440
40619,1434
40620,787
40620,790
40621,782
40621,783
40622,783
40623,872
40624,784
40624,872
40626,857
40627,1066
40628,1112
40629,1111
40630,1088
40631,1039
40632,1037
40633,1152
40634,1016
40635,1015
40636,1017
40637,1041
40638,1153
40639,1385
40640,1388
40641,1407
40642,1406
40644,921
40645,928
40646,932
40647,933
40648,952
40649,941
40650,936
40651,937
40652,919
40653,934
40653,935
40654,942
40654,943
40655,940
40655,942
40656,939
40656,940
40657,946
40658,944
40659,945
40660,947
40662,1651
40663,1649
40664,1661
40665,1644
40665,1662
40666,1020
40668,1411
40669,1537
40670,1613
40670,1618
40671,1609
40671,1614
40673,1608
40674,1615
40675,1625
40676,1624
40677,1626
40678,2107
40679,2098
40680,2088
40681,2087
40682,2026
40683,1992
40684,2099
40685,2101
40686,1165
40687,1143
40688,1166
40688,1167
40689,1050
40690,1171
40690,1173
40691,1175
40692,1178
40693,1176
40694,281
40695,271
40696,272
40698,1177
40699,1183
40700,1184
40700,1185
40701,1229
40702,1230
40703,1228
40704,1214
40705,1238
40706,1319
40707,1321
40708,1274
40709,1277
40710,1908
40711,1909
40712,1911
40713,2042
40714,2041
40715,1905
40716,1869
40716,1870
40717,1902
40718,1189
40719,1093
40720,1233
40721,1298
40722,1280
40723,1236
40724,1239
40725,1237
40726,1270
40727,1266
40728,1871
40728,1872
40729,2059
40730,1338
40731,1329
40732,897
40733,889
40733,890
40734,1045
40734,1046
40735,973
40736,972
40737,908
40737,909
40738,902
40738,903
40739,907
40739,938
40740,62
40741,64
40741,65
40742,2108
40744,676
40746,895
40747,894
50151,32
50474,207
50738,68
50861,344
51079,728
51232,746
51236,747
51408,1452
51431,1452
51509,506
51526,727
51647,506
51692,506
51829,726
52379,1501
52440,1212
52640,1595
52884,1667
52978,1507
53017,1686
53149,2208
53207,2197
53212,1365
53478,2211
53786,2214
53787,2213
53796,2197
54218,181
54256,2412
54260,2397
54260,2414
54263,2425
54263,2426
54270,2456
54273,2455
54273,2460
54282,2461
54286,770
54288,731
54302,706
54334,1234
54363,273
54366,267
54379,1732
54388,1906
54389,1906
54397,1285
54426,1466
54433,1465
54434,1310
54435,1302
54451,1303
54455,1358
54466,1451
54481,1522
54483,1520
54518,2017
54525,472
54528,475
54528,476
54541,500
54556,636
54557,635
54560,625
54566,1773
54577,165
54580,191
54588,196
54591,195
54599,838
54618,811
54621,790
54622,778
54622,779
54629,37
54630,37
54632,1
54633,2
54635,7
54636,141
54670,877
54674,918
54691,939
54694,285
54695,288
54696,287
54709,314
54728,347
54729,2729
54733,303
54744,2210
54746,2196
54779,136
54787,2447
54790,2484
54801,2458
54804,2458
54807,360
54808,354
54810,2186
54812,2231
54818,2232
54822,2257
54839,1663
54839,1671
54848,1672
54848,1673
54861,1658
54868,392
54874,1645
54892,2123
54894,2130
54894,2131
54897,2132
54898,2132
54899,2181
54902,2154
54902,2155
54907,728
54916,637
54916,638
54918,647
54923,772
54931,673
54932,674
54933,673
54939,657
54941,660
54950,656
54952,655
54960,666
54965,689
54966,687
54969,680
54999,1387
55124,2652
55127,2183
55132,2738
55229,62
55395,1533
